image_name,Entropy
aardvark_01b.jpg,2.0858491083396147
abacus_01b.jpg,3.0655173880917905
accordion_01b.jpg,3.0473900546861086
acorn_01b.jpg,2.985890424120738
air_conditioner_01b.jpg,2.8936986966112945
air_mattress_01b.jpg,3.2539802669577895
air_pump_01s.jpg,2.9062479072386136
airbag_01b.jpg,3.0937170896168724
airboat_01s.jpg,3.1291847275539495
aircraft_carrier_01b.jpg,2.7672527809238887
airplane_01b.jpg,2.7312711088409407
album_01s.jpg,3.0909578927491506
alligator_01b.jpg,2.6263449858240313
almond_01b.jpg,2.6487255602968145
aloe_01b.jpg,3.1329254529229633
alpaca_01b.jpg,2.57264262291161
altar_01b.jpg,3.2142164533949007
aluminum_foil_01b.jpg,2.826725286049664
amber_01b.jpg,3.0070260873967203
ambulance_01b.jpg,2.994631557694508
amplifier_01s.jpg,2.657938280935681
anchor_01b.jpg,2.7257144876912127
ankle_01b.jpg,2.7388227509765763
anklet_01b.jpg,2.951278035928007
ant_01b.jpg,2.4503407574161016
anteater_01b.jpg,2.501925421198121
antelope_01b.jpg,2.672192818229475
antenna_01b.jpg,2.8762374152845456
anvil_01b.jpg,2.9050110059644214
appetizer_01b.jpg,2.671488896578963
apple_01b.jpg,2.6668944590087165
apple_tree_01b.jpg,2.7184590231114654
applesauce_01b.jpg,2.583707211614001
apron_01b.jpg,2.9754394766330425
aquarium_01b.jpg,2.966149626399093
arch_01b.jpg,2.9796031163884003
arm_01b.jpg,3.0817626234216746
armor_01b.jpg,2.7140438483241174
arrow_01b.jpg,3.1072892357205295
artichoke_01b.jpg,2.6235801565881327
arugula_01b.jpg,2.4029697363493825
ashtray_01s.jpg,3.04666258611326
asparagus_01b.jpg,2.5730966558117077
avocado_01b.jpg,2.803165560123222
awning_01b.jpg,3.2328601192298123
axe_01b.jpg,2.854578820580222
baby_01b.jpg,2.4865308460169406
backdrop_01b.jpg,3.072728164950248
backgammon_01b.jpg,3.087992206829541
backpack_01b.jpg,3.2433853199446308
backscratcher_01b.jpg,3.019431289617287
bacon_01b.jpg,2.888866702198177
badge_01b.jpg,2.9846072768337777
badger_01b.jpg,2.7492557615344055
bag_01b.jpg,3.1746773922276237
bagel_01s.jpg,2.6876358869577426
bagpipe_01b.jpg,3.1562548845892553
baklava_01s.jpg,2.296542425601397
balance_beam_01b.jpg,3.048099530176892
ball_01b.jpg,3.013860464770367
balloon_01b.jpg,3.1960488108018827
ballot_box_01b.jpg,3.0480546346587163
bamboo_01b.jpg,2.9489665930253968
banana_01b.jpg,2.936564016392592
banana_peel_01b.jpg,3.014698382382795
banana_split_01b.jpg,2.7884665749934165
bandage_01b.jpg,3.2053056639225943
bandanna_01b.jpg,2.9765989398917334
banjo_01s.jpg,3.0082758297119074
bank_01b.jpg,3.1311527454578068
banner_01b.jpg,3.0029335533541186
barbed_wire_01b.jpg,2.7802464381166065
barbell_01s.jpg,2.9209160787731596
barcode_01b.jpg,2.8790985934423547
bark_01s.jpg,2.705315242630174
barnacle_01s.jpg,2.844043557735396
barrel_01b.jpg,3.0279194224379
barrette_01b.jpg,2.8575838599767756
baseball_01b.jpg,3.245010678987654
baseball_bat_01b.jpg,2.958600240161324
baseball_glove_01b.jpg,3.138997376237203
basil_01b.jpg,2.6654730268348352
basket_01b.jpg,3.1829227409684
basketball_01b.jpg,2.8621529547159397
basketball_hoop_01b.jpg,2.9604021392428947
bassinet_01b.jpg,3.160259761486482
bassoon_01b.jpg,3.268780463509399
bat1_01b.jpg,2.4444385679673064
bat2_01b.jpg,3.1620928789201432
bathmat_01b.jpg,2.959076847647583
bathrobe_01b.jpg,2.932172023864237
bathtub_01b.jpg,2.725816881663924
baton1_01s.jpg,2.808922805638248
baton2_01s.jpg,2.7752676629685706
baton3_01s.jpg,2.9642029604034867
baton4_01b.jpg,2.991657059272147
batter_01b.jpg,2.8287151956873187
battery_01b.jpg,2.86327166053671
bazooka_01b.jpg,3.1134865147624833
beachball_01b.jpg,2.9646691851777818
bead_01b.jpg,3.142813745532943
beaker_01b.jpg,2.7293170273916756
bean_01b.jpg,2.414834503907036
beanbag_01b.jpg,3.2798640224170437
beanie_01b.jpg,2.923761065439311
bear_01b.jpg,2.4418431193125563
beard_01b.jpg,2.795502508427966
beaver_01b.jpg,2.2289565307321073
bed_01b.jpg,3.0777934542448344
bedpan_01b.jpg,3.138185209134235
bedpost_01b.jpg,2.694819491063737
bee_01b.jpg,2.8621656581555586
beehive_01b.jpg,3.142702313123871
beer_01s.jpg,2.9708214958977472
beet_01b.jpg,2.6016006940270207
beetle_01b.jpg,2.566820505340246
bell_01b.jpg,3.0402298983882665
bell_pepper_01b.jpg,2.553512425042328
belt_01b.jpg,2.8951423811115276
belt_buckle_01b.jpg,2.936402531942408
bench_01b.jpg,2.865751814983284
berry_01b.jpg,2.673658892648396
bib_02s.jpg,3.0501530515136857
bike_01b.jpg,2.8733726079057496
bikini_01b.jpg,2.8897305865770413
bin_01b.jpg,2.892461209579723
binder_01b.jpg,2.997368902558283
binoculars_01s.jpg,3.1720901961154513
bird_01b.jpg,2.6092181556718987
birdbath_01b.jpg,3.0534399203128553
birdcage_01b.jpg,3.121307666121693
birdhouse_01b.jpg,3.1863296565319743
birthday_cake_01b.jpg,2.7675955908134573
biscuit_01b.jpg,2.8916907065752215
bison_01b.jpg,2.6583831947194545
blackberry_01b.jpg,2.5937387132619962
blanket_01b.jpg,2.9492725648649496
blazer_01b.jpg,3.005773578709288
blender_01b.jpg,2.9144422761803903
blimp_01b.jpg,2.826833495844701
blind_01b.jpg,3.0276973525214177
blinder_01b.jpg,2.989055958643934
blindfold_01b.jpg,3.065058139502099
block_01b.jpg,2.9612548712727533
blouse_01b.jpg,2.861187529687696
blower_01b.jpg,3.063447662891386
blowfish_01b.jpg,2.7795717915326184
blowgun_01s.jpg,3.086171478863072
blowtorch_01b.jpg,2.6126872548613345
blueberry_01b.jpg,2.8406648661162626
boa_01s.jpg,3.0068107718848687
boar_01b.jpg,2.2550245236195763
board_01b.jpg,2.720791131119919
board_game_01b.jpg,2.7917722882109
boat_01b.jpg,2.9884664717814564
bobsled_01s.jpg,2.9642209215337303
bok_choy_01b.jpg,2.6821738156909865
bolo_tie_01b.jpg,3.0615403784516846
bologna_01b.jpg,2.4340346191327398
bolt_01b.jpg,2.9673781803110293
bomb_01b.jpg,2.919690229452012
bone_01b.jpg,3.035175260111683
bongo_01s.jpg,3.1330660772138192
bonnet_01s.jpg,3.0180916959577777
bonsai_01b.jpg,3.1882245170661596
book_01b.jpg,2.849992186937196
bookmark_01s.jpg,3.0391404360372887
bookshelf_01b.jpg,2.8852259179768653
boomerang_01s.jpg,3.264626976535489
boot_01b.jpg,2.992359790489695
bottle_01b.jpg,2.7679286856711935
bottle_opener_01b.jpg,2.7969960897250745
boulder_01b.jpg,2.990090653474019
bouquet_01b.jpg,2.9932649552415764
bow1_01b.jpg,3.0588611895339706
bow2_01s.jpg,3.0127899316828715
bow3_01b.jpg,2.9464632505775947
bowl_01b.jpg,3.002402071610416
bowler_hat_01b.jpg,3.096380017925492
bowling_ball_01b.jpg,2.8384680470639783
bowtie_01b.jpg,3.0116866715740827
box_01b.jpg,2.970269892348082
boxer_shorts_01b.jpg,2.7709207369254467
boxing_gloves_01b.jpg,2.917152852310515
boy_01b.jpg,2.528263634820594
bra_01s.jpg,3.019187136006018
brace_01b.jpg,3.171284706016908
bracelet1_01s.jpg,2.990174523541548
bracelet2_01b.jpg,2.9538858710484646
bracket_01b.jpg,2.677988891737359
braid_01b.jpg,3.037220704410341
brake_01b.jpg,2.746373718317884
branch_01b.jpg,2.905935306759838
brass_knuckles_01b.jpg,2.615634572759592
bread_01b.jpg,2.828457505508136
breadbox_01b.jpg,2.890109770222283
breadstick_01b.jpg,2.597466562798528
breakfast_01b.jpg,2.5410591070609523
breathalyzer_01b.jpg,2.984575218391679
brick_01b.jpg,2.7508214101027133
briefcase_01b.jpg,2.8451884463398787
broccoli_01b.jpg,2.167337239844703
brooch_01b.jpg,3.1945165429076603
broom_01b.jpg,2.875002566518331
brownie_01b.jpg,2.8085578450768103
brush_01s.jpg,3.132048126953035
brussels_sprouts_01b.jpg,2.471852690276521
bubble_01b.jpg,3.0446964030481896
bubble_wrap_01b.jpg,2.8962905904956453
bucket_01b.jpg,3.0200812365145313
buckle_01b.jpg,2.757519899802731
buffet_01b.jpg,2.6688719732010124
bug_01b.jpg,2.787453634030858
buggy_01s.jpg,2.9921771929703316
bull_01b.jpg,2.6478707271138453
bulldozer_01b.jpg,2.496148289787525
bullet_01s.jpg,2.7382504020279437
bulletin_board_01b.jpg,2.6297195202068355
bulletproof_vest_01s.jpg,2.9007974727822985
bumper_01b.jpg,2.697856441535453
bun_01b.jpg,2.719715320716535
bungee_01b.jpg,2.9817666629885218
bunkbed_01b.jpg,2.9050315897690178
buoy_01b.jpg,3.0912061841788985
burner_01b.jpg,2.758647122322374
burrito_01b.jpg,2.6602985418715988
bus_01b.jpg,2.8255424384660013
bush_01s.jpg,2.748570559232393
butter_01b.jpg,2.841883869423889
butterfly_01b.jpg,3.0324948209161993
button1_01b.jpg,2.68113744750939
button2_01b.jpg,2.781630715691161
cabbage_01b.jpg,2.418918623524132
cabinet_01s.jpg,2.714595779110642
cable_01b.jpg,2.8313401282978976
cactus_01b.jpg,2.973000331526182
cage_01b.jpg,3.075725007904889
cake_01b.jpg,2.6900295413232804
cake_mix_01b.jpg,2.9368748659192443
calamari_01b.jpg,2.6542757487087827
calculator_01b.jpg,2.4638988924067275
calf1_01b.jpg,2.4294385138809664
calf2_01b.jpg,2.7356149296966645
calzone_01s.jpg,2.5114924472937603
camcorder_01b.jpg,2.8107391795063768
camel_01b.jpg,2.9676341977509786
camera1_01b.jpg,3.06478138321258
camera2_01b.jpg,3.080799953610347
camera_lens_01b.jpg,2.663370533165932
camper_01b.jpg,2.8360901096163653
can_01s.jpg,2.6672779392789363
can_opener_01b.jpg,2.9607643537887367
candelabra_01b.jpg,2.8955106512966977
candle_01b.jpg,3.1290290348345904
candlestick_01b.jpg,2.8484754485270187
candy_01b.jpg,2.5993621579006603
candy_bar_01b.jpg,2.8584162104805984
candy_cane_01b.jpg,2.84809710272403
cane_01s.jpg,3.1218742642743713
canister_01b.jpg,3.0100745757748073
cannon_01b.jpg,2.6386879828410112
cannonball_01b.jpg,3.066144052119581
canoe_01b.jpg,2.9391807541371917
cantaloupe_01b.jpg,2.6530476924183928
canvas_01b.jpg,2.983088571001054
cap_01b.jpg,2.932649985056229
cape_01b.jpg,2.766592164549603
car_01b.jpg,2.9163555264398067
car_door_01b.jpg,2.8167261172690536
car_seat_01b.jpg,2.9376391075916763
caramel_01b.jpg,2.9014733047392087
card_01b.jpg,3.024226922973947
cardboard_01b.jpg,2.9508160818168823
cardigan_01b.jpg,2.752630649974286
cardinal_01b.jpg,2.725294110912989
carousel_01b.jpg,3.0686183006795513
carriage_01b.jpg,2.825509591331729
carrot_01b.jpg,2.724120274250542
cart_01b.jpg,3.113216293248616
cash_machine_01b.jpg,2.5195473534902346
cash_register_01b.jpg,2.826455239374748
cashew_01b.jpg,2.5447715512324893
casserole_01b.jpg,2.140290513416117
cassette_01b.jpg,2.792730413579677
cat_01b.jpg,2.3755819917054906
catapult_01b.jpg,3.042578716877405
caterpillar_01b.jpg,2.6835078764566664
catfish_01b.jpg,2.3679058311471093
cauliflower_01b.jpg,2.7201770919920922
caviar_01b.jpg,3.0435987118041647
cd_player_01b.jpg,2.8979078946082852
celery_01b.jpg,2.4589588924247043
cello_01s.jpg,3.109685499331291
cellphone_01b.jpg,2.767762124856687
cement_mixer_01b.jpg,2.7080046661317816
centerpiece_01b.jpg,2.856931870536028
centrifuge_01b.jpg,2.825984194874691
cereal_01b.jpg,2.947546770232187
chain_01b.jpg,2.784844380211706
chainsaw_01b.jpg,2.6301958652102457
chair_01b.jpg,3.092469770071771
chalice_01s.jpg,2.852335912662693
chalk_01b.jpg,3.0618525606573823
chalkboard_01b.jpg,2.941986292829121
champagne_01b.jpg,2.9649894060645896
chandelier_01b.jpg,2.9214744172882594
chaps_01s.jpg,2.987735195095822
charcoal_01b.jpg,2.7611328269162314
charger_01b.jpg,2.870398961883958
chariot_01b.jpg,3.0198497942691054
checkbook_01b.jpg,3.0072926540164433
checkers_01b.jpg,3.2180574808715057
cheese_01b.jpg,2.844771494042492
cheeseburger_01b.jpg,2.0619712704217683
cheesecake_01s.jpg,2.6977573362071285
cheetah_01b.jpg,2.584377577754204
cherry_01b.jpg,2.5491501985955023
chess_piece_01b.jpg,2.9347856323614163
chessboard_01s.jpg,3.0563677874288127
chest1_01b.jpg,2.7321478120691545
chest2_01b.jpg,2.7783127969219814
chick_01b.jpg,2.3880668691782145
chicken1_01b.jpg,3.039037113662982
chicken2_01b.jpg,2.5785834341729394
chicken_wire_01b.jpg,2.514664828175294
chickpea_01b.jpg,2.6248464853599294
chihuahua_01b.jpg,2.234431003313284
chili_01b.jpg,2.7286767384413593
chime_01b.jpg,2.8105809618088036
chimney_01b.jpg,3.0110971296935514
chin_01b.jpg,2.4674943353089875
chinaware_01b.jpg,3.105015528989265
chinchilla_01b.jpg,2.61064319026315
chip_01b.jpg,2.964172576977552
chipmunk_01b.jpg,2.331254207429448
chips_01b.jpg,2.383345582962039
chisel_01b.jpg,2.6943242510804466
chive_01b.jpg,2.569965178228905
chocolate_01b.jpg,2.758490026642463
chopsticks_01s.jpg,3.2314273301547534
christmas_card_01b.jpg,3.028588240994322
christmas_tree_01b.jpg,3.0319050246535677
chute_01b.jpg,2.9816675731090974
cigar_01b.jpg,3.0399320381829256
cigarette_01b.jpg,2.983200951869285
cigarette_butt_01b.jpg,3.0160682644398786
cigarette_holder_01b.jpg,3.1040752194246912
cilantro_01b.jpg,2.365737496345579
cinnamon_01b.jpg,3.0868943841463903
clam_01b.jpg,2.986066905551468
clarinet_01b.jpg,2.887223785501889
clasp_01b.jpg,2.6757158442235616
clay_01b.jpg,3.241564848040568
cleat_01b.jpg,3.1337110074335475
cleaver_01b.jpg,2.814682066396245
clipboard_01b.jpg,2.9815325921528153
clipper1_01s.jpg,2.840874158917152
clipper2_01b.jpg,3.007706590080546
cloak_01s.jpg,2.9202587748992457
clock_01b.jpg,2.965589574131855
closet_01b.jpg,2.9500378886416665
clothes_01b.jpg,2.931374085787818
clothesline_01b.jpg,3.1439800193229415
clothespin_01b.jpg,3.1440044160297647
cloud_01b.jpg,2.8068987190235957
clove_01b.jpg,2.8177445769754312
clover_01b.jpg,2.7421166658401477
coal_01s.jpg,2.8262060995348697
coaster_01b.jpg,3.025162695082308
coat_01b.jpg,2.6365172624449236
coat_rack_01b.jpg,2.9412170151647046
cobra_01b.jpg,2.656411995128202
cockatoo_01b.jpg,2.7160296532271317
cockroach_01b.jpg,2.24040177487934
cocktail_01b.jpg,2.7656830016614635
coconut_01b.jpg,2.7291456861179975
cocoon_01b.jpg,2.8835977991373585
coffee_01b.jpg,2.685444784846484
coffee_bean_01b.jpg,2.535281373084922
coffee_filter_01b.jpg,3.0255566826931806
coffee_pot_01s.jpg,2.8616386839319765
coffee_table_01b.jpg,2.8858338774829275
coffeemaker_01b.jpg,2.728808711615421
coffin_01b.jpg,3.062401512561544
coil_01s.jpg,2.8251884226057458
coin_01b.jpg,2.899723705855973
coleslaw_01b.jpg,2.5642827670678514
collar_01b.jpg,2.8943643307231324
column_01b.jpg,3.0633382844371426
comb_01b.jpg,3.153161371893485
combination_lock_01b.jpg,3.023785667856753
comic_book_01b.jpg,2.893507222576912
compass_01b.jpg,2.935720605625165
compost_01b.jpg,2.708240876306607
computer_01b.jpg,2.6089328047225333
computer_screen_01b.jpg,2.67501226415184
confetti_01b.jpg,3.0809731327932783
contact_lens_01s.jpg,3.0153096559819614
container_01b.jpg,2.9228977719311913
cooker_01b.jpg,2.877178602924447
cookie_01b.jpg,2.6806939569195833
cookie_cutter_01b.jpg,2.851068927785951
cookie_sheet_01b.jpg,2.68236652938379
cooler_01b.jpg,3.0345327689648287
coop_01b.jpg,3.060374810162977
copier_01s.jpg,2.79192997845787
coral_01b.jpg,2.8277096863152207
cord_01b.jpg,2.6259214317774506
cordon_bleu_01b.jpg,2.60837336617963
cork_01b.jpg,3.2549271491903626
corkboard_01s.jpg,2.6615086928520513
corkscrew_01b.jpg,2.826987294278859
corn_01s.jpg,2.449842521479613
cornbread_01b.jpg,2.582008451076203
cornhusk_01b.jpg,3.09292472919443
cornmeal_01b.jpg,2.9610607913212137
cornucopia_01b.jpg,2.749730755767892
corsage_01b.jpg,2.9353677025052436
corset_01b.jpg,2.966119460101914
costume_01b.jpg,2.7125880131452296
cot_01b.jpg,3.2833754825252344
cotton_candy_01b.jpg,2.809400423170628
couch_01b.jpg,2.8298542703545153
cougar_01b.jpg,2.45933413146237
counter_01b.jpg,2.9196297382037475
coverall_01b.jpg,2.834920705506289
cow_01b.jpg,2.7197707581579427
coyote_01b.jpg,2.1583361137480415
crab_01b.jpg,2.2217772836801335
cracker_01b.jpg,2.6643712408562368
cranberry_01b.jpg,2.7431768960143583
crane_01b.jpg,2.7028583853926476
crank_01b.jpg,2.940972672718149
crate_01b.jpg,2.5731615414039366
crayfish_01b.jpg,2.4621596914734387
crayon_01b.jpg,2.910515560567675
cream_01b.jpg,3.0869774320245233
cream_cheese_01b.jpg,2.8629482300536204
credit_card_01b.jpg,2.980748583885239
creme_brulee_01b.jpg,2.7337053553907307
crepe_01b.jpg,2.5673672605350086
crib_01b.jpg,2.8965732741200623
croissant_01b.jpg,2.5845535897218346
cross_01b.jpg,3.025420044336039
crossbow_01s.jpg,2.6681606448618997
crouton_01b.jpg,2.446161232620018
crow_01b.jpg,2.5471145033738174
crowbar_01b.jpg,2.6990052219341623
crown_01b.jpg,2.9998397719052163
crucifix_01b.jpg,2.860488649686388
cruise_ship_01b.jpg,2.8711027777683924
crumb_01b.jpg,3.058336344260949
crutch_01b.jpg,3.047907964569439
crystal1_01b.jpg,2.9875517269951772
crystal2_01b.jpg,2.8931006946233198
crystal_ball_01b.jpg,3.07546334522002
cuckoo_clock_01b.jpg,3.009117299041422
cucumber_01b.jpg,2.617251964149454
cufflink_01b.jpg,3.1112965860929194
cummerbund_01b.jpg,2.8015308176954608
cup_01s.jpg,2.918521975338703
cupcake_01b.jpg,2.8101461382838515
curb_01b.jpg,2.684541451899232
curling_iron_01b.jpg,3.087121935922503
curry_01b.jpg,2.438698532215948
curtain_01b.jpg,3.040225563995403
cushion_01b.jpg,3.084191703185992
cutting_board_01b.jpg,2.8666795161988676
cymbal_01b.jpg,2.7592500200131522
dagger_01b.jpg,2.3541702279951506
daisy_01b.jpg,3.086087507993189
dalmatian_01b.jpg,2.8224561489525404
dandelion_01s.jpg,2.9752225822688194
dart_01b.jpg,3.1415970096798937
dartboard_01b.jpg,3.0024009280944464
dashboard_01b.jpg,2.623103382050032
deer_01b.jpg,2.3261548672919115
defibrillator_01b.jpg,2.793318778163785
denture_01b.jpg,2.9591430903582547
deodorant_01b.jpg,2.9755325420248826
desk_01b.jpg,2.8649127853656644
dessert_01b.jpg,2.854214706897706
detonator_01s.jpg,2.7170604197195902
dial_01b.jpg,2.911615257078022
diamond_01b.jpg,2.831576174298483
diaper_01b.jpg,2.8243671063053277
dice_01s.jpg,3.196672366567221
dip_01b.jpg,2.7555042144344757
dirt_bike_01b.jpg,2.879887701875468
dish_01b.jpg,2.9940983633632947
dishrag_01b.jpg,3.0019088818779163
dishwasher_01b.jpg,2.4994578981413005
dishwashing_liquid_01b.jpg,2.986776037490366
diskette_01b.jpg,2.546678257139492
diving_board_01b.jpg,3.126897335376716
dog_01b.jpg,2.7777945755899736
dogfood_01b.jpg,2.6135442450731308
doghouse_01b.jpg,2.8432267595998204
doily_01b.jpg,3.148902603658416
doll_01b.jpg,2.7112876516513587
dollhouse_01b.jpg,3.120332646327043
dolly_01s.jpg,2.823658786045969
dolphin_01b.jpg,2.33779848012263
domino_01b.jpg,3.164521501187848
donkey_01b.jpg,2.257483837168229
donut_01b.jpg,2.469418650006967
door_01b.jpg,2.8707578744524858
doorbell_01b.jpg,2.9111290725143233
doorhandle_01b.jpg,2.83675804314983
doorknob_01b.jpg,2.8332725689189315
doorknocker_01b.jpg,2.928276416182552
doormat_01b.jpg,3.0527539473516416
doorstop_01b.jpg,3.08107505127279
dough_01b.jpg,2.7871354111358078
dragonfly_01b.jpg,2.924567655530102
drain_01b.jpg,2.927632480786999
drawer_01b.jpg,2.7028836779193455
dreidel_01b.jpg,3.3297117025896172
dress_01b.jpg,2.8951154164800563
dresser_01b.jpg,2.7786291981462434
drill_01b.jpg,2.659087061487466
drink_01b.jpg,2.9839103372306726
drum_01b.jpg,3.0386887653858716
drumstick_01s.jpg,2.889680601883863
dryer_01b.jpg,2.5986373098018576
duck_01b.jpg,2.6228085915040253
duckling_01b.jpg,2.776367256471575
duct_01b.jpg,2.9187566016932855
duct_tape_01b.jpg,2.960639369533233
duffel_bag_01b.jpg,3.1688201470081623
dumbbell_01b.jpg,2.958923461984911
dumbwaiter_01s.jpg,2.81072540021121
dumpling_01b.jpg,2.6945638327404255
dumpster_01b.jpg,2.7050238446173878
duster_01s.jpg,3.197639871909529
dustpan_01b.jpg,3.017135979033251
dynamite_01b.jpg,2.8459399141932793
eagle_01b.jpg,2.274198170926415
ear_01b.jpg,2.7542062609536133
earplug_01b.jpg,3.21910647309367
earring_01b.jpg,3.137296031139092
earwig_01b.jpg,2.5962768558573686
easel_01b.jpg,3.2416850187330453
easter_egg_01b.jpg,2.969507383858765
eclair_01b.jpg,2.5688240481237954
eel_01b.jpg,2.852624022172938
egg_01b.jpg,2.869033928620231
egg_roll_01b.jpg,2.5474764641319614
eggbeater_01b.jpg,2.970502473368508
eggnog_01b.jpg,2.8367744610807017
eggplant_01b.jpg,2.9582308270627298
eggshell_01b.jpg,2.976932543416855
elbow_01b.jpg,3.1028866215505055
electric_chair_01b.jpg,2.9642018163659913
elephant_01b.jpg,2.4218791440965486
emerald_01b.jpg,3.09014337051499
enchilada_01b.jpg,2.670841154447219
engine_01b.jpg,2.570087258976104
envelope_01b.jpg,2.9570263764371743
eraser_01s.jpg,2.963797728490185
espresso_01b.jpg,2.8386276331562907
exerciser_01b.jpg,2.9713237570496087
exhaust_pipe_01b.jpg,3.167369755247102
extinguisher_01b.jpg,2.9525742336051914
eye_01b.jpg,2.9710855125863995
eye_patch_01b.jpg,3.219282363239481
eyedropper_01b.jpg,3.191520704186003
eyeliner_01s.jpg,2.925968341449027
eyepiece_01s.jpg,2.799543513954177
face_01b.jpg,2.604335348542387
face_mask_01b.jpg,2.833262437498733
fan_01b.jpg,3.053907345982867
fast_food_01b.jpg,2.468475354673698
faucet_01b.jpg,2.7887901989845085
feather_01b.jpg,3.0820640059110347
fence_01b.jpg,2.9417704982782564
fencepost_01b.jpg,2.7799211618675352
fern_01b.jpg,2.878476311054695
ferret_01b.jpg,2.2467607545481636
ferris_wheel_01b.jpg,3.0310069142784224
ferry_01b.jpg,2.9617226372039047
fig_01b.jpg,2.787139884489449
figurine_01b.jpg,3.1603672883796423
file1_01b.jpg,2.851298792141395
file2_01b.jpg,2.7804347863316616
filing_cabinet_01b.jpg,2.553674083459421
film_01b.jpg,3.184346821160661
filter_01b.jpg,2.9344807898917056
finger_01b.jpg,2.8831367468414557
fingerprint_01b.jpg,3.286034112886255
fire_01b.jpg,2.9138051987732125
fire_alarm_01b.jpg,2.832362370604026
fire_hydrant_01b.jpg,2.8332617273030554
fire_pit_01b.jpg,3.0836425661070916
firecracker_01b.jpg,3.0116297035630866
fireplace_01b.jpg,3.0725382024113834
firetruck_01b.jpg,2.7035785925368727
firewood_01b.jpg,2.878090947423135
fireworks_01b.jpg,3.122658330402189
first-aid_kit_01b.jpg,3.1685592313331847
fish_01b.jpg,2.7833756682978206
fishbowl_01b.jpg,2.9656597033994547
fishhook_01b.jpg,2.869702385612802
fishing_pole_01b.jpg,3.0939274813051205
fishnet_stockings_01b.jpg,3.05737066612728
flag_01b.jpg,3.1611887900449926
flagpole_01s.jpg,2.692055366549806
flamethrower_01b.jpg,2.8396567269976933
flamingo_01b.jpg,2.6842458206404216
flan_01b.jpg,2.5550349193644486
flashbulb_01b.jpg,2.9411443199384664
flashlight_01b.jpg,2.982151500961536
flask_01b.jpg,2.921612107649204
flatiron_01b.jpg,2.9658428716066205
flip_flop_01b.jpg,2.9876795593466654
flipper_01b.jpg,2.987773094303613
float_01b.jpg,3.0732185297130923
floss_01b.jpg,3.290080597066905
flour_01b.jpg,2.835886783755042
flower_01b.jpg,2.9619076631805803
flute_01b.jpg,2.9091377674345296
fly_01b.jpg,2.6239191696113595
flypaper_01b.jpg,3.1346704809770998
flyswatter_01b.jpg,3.1045361986009605
foam_01b.jpg,3.0134969428738794
folder_01b.jpg,3.0034631731797385
fondue_01s.jpg,3.0360088953517517
food_processor_01b.jpg,2.7816344316163795
foot_01b.jpg,2.8331434298163645
football_01b.jpg,3.0558508824706854
football_helmet_01b.jpg,3.3128210735052823
footbath_01s.jpg,3.108905575485378
footprint_01b.jpg,3.1100921335180285
footrest_01b.jpg,3.0728868749603038
fork_01b.jpg,2.8388012021944102
forklift_01b.jpg,2.668799622468822
fossil_01b.jpg,2.8998432908141445
fountain_pen_01b.jpg,2.7559197282212184
fox_01b.jpg,2.455713090274347
frame_01b.jpg,2.9525349146275603
freezer_01b.jpg,2.731542844399687
french_fries_01b.jpg,2.588812460442702
french_horn_01s.jpg,2.809795269996857
frisbee_01b.jpg,3.0601413787354494
frog_01b.jpg,2.525795317515688
fruit_01b.jpg,2.473315799840002
fruitcake_01b.jpg,2.640844496543131
fudge_01b.jpg,2.359915745247853
fungus_01b.jpg,3.1261975573287644
funnel_01b.jpg,2.882331681818396
fur_coat_01b.jpg,2.9912333982177883
furnace_01b.jpg,3.0095561166455402
fuse_01s.jpg,2.9945418357732776
gallows_01b.jpg,2.5944899887243573
game_01s.jpg,3.1453453607853543
garbage_01b.jpg,2.969744222161603
garbage_truck_01b.jpg,2.874156072211428
gargoyle_01b.jpg,3.024749614632066
garlic_01b.jpg,2.999345105839663
garter_01b.jpg,3.128369816457154
gas_mask_01b.jpg,3.3196972685513653
gasket_01b.jpg,2.8309403164959424
gate_01b.jpg,3.006208966525081
gauge_01b.jpg,3.0172267867427034
gauze_01b.jpg,3.2032556976756004
gavel_01b.jpg,3.0407415209041306
gazelle_01b.jpg,2.5839928809279664
gear_01s.jpg,2.7828568218040353
gearshift_01b.jpg,2.7874910052902657
gel_01b.jpg,2.9989193096241142
gem_01s.jpg,2.823688709287306
generator_01b.jpg,2.62051570532319
gift_01b.jpg,3.0458553418836765
ginger_01b.jpg,2.9660128044122778
gingerbread_man_01b.jpg,2.872740476790178
giraffe_01b.jpg,2.6842201990697454
girl_01b.jpg,2.7359644219102757
glass_01b.jpg,2.919460159114112
glasses_01b.jpg,3.0427982350004483
globe_01b.jpg,3.1860335949812133
glove_01b.jpg,3.187560805073769
glue_01s.jpg,3.0660073465369284
go-kart_01b.jpg,3.0088266309641014
goalpost_01b.jpg,2.9022993464188573
goat_01b.jpg,2.436545920859201
goblet_01s.jpg,2.873814274691079
goggles_01b.jpg,2.9579343562790057
gold_01b.jpg,2.9866457975824154
goldfish_01b.jpg,2.516567532272759
golf_cart_01b.jpg,2.829559637299546
golf_club_01b.jpg,2.8605865356887485
gondola_01b.jpg,3.0392499229944177
gong_01b.jpg,2.8252794879826393
goose_01b.jpg,2.128596065446452
gopher_01b.jpg,2.4171687476403525
gorilla_01b.jpg,2.103858574053381
gourd_01b.jpg,2.6039552961339734
graffiti_01b.jpg,2.906805235384349
grain_01b.jpg,2.8917806789882987
gramophone_01b.jpg,2.925809098711949
granite_01b.jpg,2.847278672694994
granola_01b.jpg,2.5417480268053363
grape_01b.jpg,2.712139776996098
grapefruit_01b.jpg,2.7979390288497936
grapevine_01b.jpg,2.938306471300959
grass_01b.jpg,2.8336300737245534
grasshopper_01b.jpg,2.3678621372374473
grate_01b.jpg,2.5372499745804564
grater_01b.jpg,2.8007913797118866
gravel_01b.jpg,2.5342634273046483
gravestone_01b.jpg,2.6793309508876053
gravy_01s.jpg,2.773481224487614
green_beans_01b.jpg,2.560564290260704
grenade_01b.jpg,2.7489604099065974
grill_01b.jpg,2.950588387504063
grille_01b.jpg,2.9014319925672893
grinder_01b.jpg,3.0908841685627406
grits_01s.jpg,2.560104784987891
groundhog_01b.jpg,2.5208413632876354
guacamole_01b.jpg,2.6393496578368865
guardrail_01b.jpg,2.899718441085391
guillotine_01b.jpg,2.826639503381034
guinea_pig_01b.jpg,2.183373981516541
guitar_01b.jpg,3.000123255472544
gum_01s.jpg,2.8494805271302193
gumball_01b.jpg,2.5045215280489805
gumdrop_01b.jpg,2.672964041315997
gun_01b.jpg,2.608833283677927
gurney_01b.jpg,2.876303867159485
gutter_01b.jpg,3.040592268130249
gyro_01b.jpg,2.346717296533195
gyroscope_01b.jpg,2.8295900684661976
hail_01b.jpg,2.8580316659252225
hair_01b.jpg,2.8641977621450994
hairbrush_01b.jpg,2.917317699177382
hairdryer_01b.jpg,3.019748983386578
hairnet_01s.jpg,3.190271883595115
hairpin_01b.jpg,3.002489809149423
hairspray_01b.jpg,3.026577257314213
ham_01b.jpg,2.56691915160437
hamburger_01s.jpg,2.160150650854378
hammer_01b.jpg,2.6832966532061473
hammock_01b.jpg,3.1674532793083796
hamster_01b.jpg,2.5609332463198187
hand_01b.jpg,2.97847470992948
handbrake_01b.jpg,3.0904372618416938
handcuff_01b.jpg,2.609603204774064
handkerchief_01b.jpg,3.0028420230015476
handle_01b.jpg,3.0044772851325328
handlebar_01b.jpg,2.8945561397619617
handprint_01b.jpg,3.2667079019389473
hanger_01b.jpg,2.9770206302828925
hard_disk_01b.jpg,2.52642179841905
harmonica_01b.jpg,2.871795277552608
harness_01b.jpg,2.917512106507831
harp_01b.jpg,2.983064998425692
hash_01b.jpg,2.6685986965865647
hat_01b.jpg,3.0900547193533994
hatbox_01b.jpg,3.1749682469081955
hatchet_01b.jpg,3.016919762100274
hawk_01b.jpg,2.7867500461115102
hay_01b.jpg,2.874240825246734
headband_01b.jpg,2.934924332383932
headdress_01b.jpg,3.3215800825870203
headlamp_01b.jpg,3.2097178133816597
headlight_01b.jpg,2.9927408416017434
headphones_01b.jpg,2.747829341293843
headrest_01b.jpg,2.8855282512390317
headscarf_01b.jpg,3.058596322062731
headset_01b.jpg,3.073817816329954
hearing_aid_01b.jpg,3.1266381922716286
hearse_01b.jpg,2.6718161490227437
heater_01b.jpg,2.789132206737139
hedge_01b.jpg,2.630150335101033
hedgehog_01b.jpg,2.0777465296671243
helicopter_01b.jpg,2.5703426230535538
helmet_01b.jpg,3.0064966678149903
highchair_01b.jpg,3.004312095658774
highlighter_01b.jpg,2.903712368318434
hinge_01b.jpg,2.710040466978087
hip_01b.jpg,2.9192621040480877
hippopotamus_01b.jpg,2.350747516618574
hobbyhorse_01b.jpg,3.1101274924118663
hockey_stick_01b.jpg,2.9442625541163894
hoe_01b.jpg,2.9271482871268435
hole_01b.jpg,2.7951946465183752
holster_01s.jpg,3.1595798546121654
home_plate_01b.jpg,2.886578123206452
honey_01b.jpg,2.941600250333236
honeycomb_01b.jpg,3.0440630982701578
honeypot_01b.jpg,3.21908235585738
hood_01b.jpg,3.163974169877367
hoodie_01b.jpg,2.5830544297264315
hook1_01b.jpg,2.764463179235895
hook2_01b.jpg,2.893506008969513
hookah_01b.jpg,3.2465398455679777
hopscotch_01b.jpg,2.926267822478922
horn_01b.jpg,3.083906296221555
horse_01b.jpg,2.672786659535707
horseshoe_01b.jpg,2.8591575966591587
hose_01b.jpg,3.184732052578844
hot-air_balloon_01b.jpg,2.8868993484228676
hot-water_bottle_01s.jpg,2.9876244564690535
hot_chocolate_01b.jpg,3.0003742133672335
hot_tub_01b.jpg,3.234602059473724
hotdog_01b.jpg,2.8510112705432453
hotplate_01b.jpg,2.8045570211402806
hourglass_01b.jpg,3.2090683880673927
hovercraft_01b.jpg,2.7299087746895836
hubcap_01b.jpg,2.6705510606492404
hula_hoop_01b.jpg,3.1171035968965084
hummingbird_01b.jpg,2.791844662128423
hummus_01b.jpg,2.6360060324363794
humvee_01b.jpg,2.543502733343363
hydrant_01s.jpg,2.549371472574339
hyena_01b.jpg,2.1664655775379136
ice-cream_cone_01b.jpg,3.0359604729304386
ice_01b.jpg,2.5727614403236707
ice_cream_01b.jpg,3.0407314196613373
ice_cube_01b.jpg,3.1032220403003503
ice_pack_01b.jpg,3.0097907851305568
icemaker_01b.jpg,3.1165399815438253
icepick_01b.jpg,3.023102585233292
iceskate_01b.jpg,2.968116124795794
icicle_01b.jpg,2.961448504943996
iguana_01b.jpg,2.7509067704764343
incense_01b.jpg,3.0519764806030283
incubator_01b.jpg,3.261593910425281
inhaler_01b.jpg,3.2101231896658113
ink_01b.jpg,2.7895431338437717
inkwell_01b.jpg,3.1726065278213196
insole_01b.jpg,2.9525224390603024
iron_01b.jpg,2.92267884997183
ironing_board_01b.jpg,2.967689277584326
ivy_01b.jpg,2.9177715173861487
jack_01b.jpg,2.9111774366644156
jacket_01b.jpg,2.8876561236715577
jackhammer_01b.jpg,2.530802541003402
jalapeno_01b.jpg,2.567026796044751
jam_01b.jpg,2.7807886453996162
jar_01s.jpg,2.9647945342406055
javelin_01s.jpg,2.7969530958164213
jeans_01s.jpg,2.9090176583811824
jeep_01b.jpg,2.5109958763321436
jelly_bean_01b.jpg,2.3742757974097026
jellyfish_01b.jpg,2.860398910731636
jersey_01b.jpg,2.826383266069043
jet_01b.jpg,2.7071348911908664
jetski_01b.jpg,2.9459968593104495
jewel_01b.jpg,2.9480923369057717
jewelry_01b.jpg,3.065123309911966
jigsaw_puzzle_01b.jpg,2.976177566584662
joystick_01b.jpg,2.9172743988017777
jug_01b.jpg,3.2770380884546535
juice_01b.jpg,2.7724516674529687
juicer1_01s.jpg,3.1493729390974403
juicer2_01b.jpg,2.78526043613437
jukebox_02s.jpg,2.8213772337386223
jump_rope_01b.jpg,3.1491146937625185
jumpsuit_01b.jpg,2.815374533051483
kale_01b.jpg,2.744927406964892
kaleidoscope_01b.jpg,3.2304861628048545
kangaroo_01b.jpg,2.467946308551083
kayak_01b.jpg,2.8492334007391005
kazoo_01s.jpg,3.0272319029038406
kebab_01b.jpg,2.825342735190097
keg_01b.jpg,2.868553269084813
ketchup_01b.jpg,2.6273782138375643
kettle_01b.jpg,2.8414206192226055
key_01b.jpg,2.8924521249186226
keyboard_01s.jpg,3.053959357853395
keyhole_01b.jpg,3.0882633982623844
kilt_01b.jpg,2.9250152920096943
kimono_01b.jpg,2.704992842713888
kite_01b.jpg,2.956223396390208
kitten_01b.jpg,2.5894937745585356
kiwi_01b.jpg,2.353842454752974
knee_01b.jpg,2.500226062706163
kneepad_01b.jpg,2.7372054074778442
knife_01b.jpg,2.628477248990511
knitting_01b.jpg,3.192350510665997
knitting_needle_01b.jpg,2.8789573968482776
knob_01b.jpg,2.9535924214249025
knot_01b.jpg,3.131571630897424
koala_01b.jpg,2.3600348254192065
lab_coat_01b.jpg,2.9055712371807276
ladder_01b.jpg,2.7474935210710134
ladle_01b.jpg,3.043260219332601
ladybug_01b.jpg,2.7496319989247464
lamb_01b.jpg,2.5715088953592984
lamb_chop_01b.jpg,2.3001826041389437
lamp_01b.jpg,3.02528316144064
lamppost_01b.jpg,3.0506965740228598
lampshade_01b.jpg,2.8658833649167184
landmine_01b.jpg,2.8854434312933965
lantern_01b.jpg,3.176028495646571
lanyard_01b.jpg,3.1105418286520683
laptop_01b.jpg,2.503670171652446
lasagna_01b.jpg,2.551445272978114
laser_pointer_01b.jpg,2.7604720767105526
latch_01s.jpg,2.527904813181014
latte_01b.jpg,2.8059833586544065
laundry_basket_01b.jpg,2.8995246193493656
lava_01b.jpg,2.751920894650582
lavender_01b.jpg,3.0320147845639296
lawnmower_01b.jpg,3.0963330805925433
leaf_01b.jpg,3.0257073716561163
leash_01b.jpg,2.887268510006905
lectern_01b.jpg,2.9392690165958606
leech_01b.jpg,2.8519432707226593
leek_01b.jpg,2.668187594473956
leg_01b.jpg,2.835551562698182
leggings_01b.jpg,3.064703011083651
lego_01b.jpg,2.8953409498960285
lemon_01b.jpg,2.659572394148199
lemonade_01b.jpg,3.1604576143475285
lens_01s.jpg,3.1226679253205925
leopard_01b.jpg,2.5346800290754343
leotard_01b.jpg,2.7620118201763098
letter_opener_01b.jpg,2.992957686102388
lettuce_01b.jpg,2.708092717060394
license_plate_01b.jpg,2.895149932189135
licorice_01b.jpg,2.258474044174247
lid_01b.jpg,2.9537569888982587
life_jacket_01b.jpg,2.9752413748408864
lifesaver_01b.jpg,3.132531401076838
light_switch_01b.jpg,2.698107175084714
lightbulb_01b.jpg,3.088300951279869
lighter_01s.jpg,3.0729013964196894
lightning_bug_01s.jpg,2.7563320373977978
lime_01b.jpg,2.4178716666913105
limousine_01s.jpg,2.946173781354408
lingerie_01b.jpg,2.303370876862238
lion_01b.jpg,2.30426915881159
lip_balm_01b.jpg,3.3046645174781886
lip_gloss_01b.jpg,2.8654044928195277
lipstick_01b.jpg,2.7248012024744743
lizard_01b.jpg,2.6932223845998515
llama_01b.jpg,2.366749353757048
lobster_01b.jpg,2.5425868400351956
lock_01b.jpg,2.602005206893128
locker_01b.jpg,2.9129575214986123
locket_01b.jpg,2.9627389897879053
log_01b.jpg,2.827389193752782
loincloth_01b.jpg,3.0287859005283027
lollipop_01b.jpg,3.016264774781215
loom_01b.jpg,3.053803519304662
loveseat_01b.jpg,2.922234900137311
luggage_01b.jpg,2.981295261199221
lumber_01b.jpg,2.8220576049253308
lunchbox_01b.jpg,3.1202370805114166
macadamia_01b.jpg,2.775953633481003
macaroni_01b.jpg,2.1531359450647845
machete_01b.jpg,2.9147092507089383
machine_gun_01b.jpg,2.7789758811928165
maggot_01b.jpg,2.655894205126656
magnet_01b.jpg,2.6115567622255376
magnifier_01b.jpg,2.792938464544641
magnifying_glass_01b.jpg,2.846612689779878
mail_01b.jpg,2.8421631295213654
mailbox_01b.jpg,2.9657134933569087
makeup_01b.jpg,3.020447760384318
mallet_01b.jpg,2.9946842863585696
man_01b.jpg,2.8029205700339284
manatee_01b.jpg,2.2647515738481916
mandolin_01s.jpg,3.168095821142382
mango_01b.jpg,2.521099193595633
manhole_01b.jpg,2.5802970506093628
mannequin_01b.jpg,3.1698062116797394
mantle_01s.jpg,2.9524946751950076
map_01s.jpg,3.1182266716376565
maple_syrup_01b.jpg,3.158637457780238
marble_01b.jpg,2.963207781669498
margarita_01b.jpg,2.9330340229028304
marijuana_01b.jpg,2.8399337375161076
marker_01b.jpg,2.941831812639967
marmalade_01b.jpg,2.9462351543422565
marshmallow_01b.jpg,2.717299105332424
mascara_01b.jpg,2.957103164626894
mashed_potato_01b.jpg,2.7658496022826022
mask_01b.jpg,2.932845668533031
mast_01b.jpg,2.7631221902123726
mat_01b.jpg,3.142100872807332
match_01b.jpg,3.045359031946435
matchbox_01b.jpg,3.067505861420699
mattress_01s.jpg,3.0993515241595757
measuring_cup_01b.jpg,3.06051392695555
meat_01b.jpg,2.426959718591351
meat_grinder_01b.jpg,3.0111954719752982
meatball_01b.jpg,2.6253795748370767
meatloaf_01s.jpg,2.462201400014009
medal_01b.jpg,2.844236129287225
meerkat_01b.jpg,2.209983830050345
megaphone_01b.jpg,3.19466759346589
melon_01b.jpg,2.710873688437428
memory_stick_01b.jpg,2.2877092316029786
metal_detector_01b.jpg,3.1505054273486337
metronome_01b.jpg,3.1835440952846508
microphone_01b.jpg,2.9107889604625683
microscope_01b.jpg,3.0286141288836816
microwave_01b.jpg,2.583611372468732
milk_01b.jpg,2.8398098465730346
milkshake_01b.jpg,2.831951253160696
minivan_01b.jpg,2.6994378958578906
mint_01b.jpg,2.5536539802164975
mirror_01b.jpg,3.1322266287124694
missile_01b.jpg,2.8257098267967966
mistletoe_01b.jpg,2.8546988369035504
mitten_01b.jpg,3.2108667564556637
mixer_01b.jpg,2.9335112131392465
moccasin_01b.jpg,3.1644912003775083
modem_01b.jpg,2.8751954296155295
mold1_01b.jpg,3.0404492175819238
mold2_01b.jpg,2.9495237848302085
mole_01b.jpg,2.1795606960655123
money_01b.jpg,2.9253150978959943
mongoose_01b.jpg,2.258302872973282
monkey_01b.jpg,2.179850702169966
moose_01b.jpg,2.5714747156968665
mop_01b.jpg,3.114506179784326
mosquito_01b.jpg,2.556513127944899
mosquito_net_01b.jpg,3.1866113299824166
moss_01b.jpg,2.849253233278748
moth_01b.jpg,2.572225271365606
motherboard_01b.jpg,2.670257423804408
motorcycle_01b.jpg,2.7216021549561304
mouse1_01b.jpg,2.2396258532522895
mouse2_01s.jpg,2.993621058259778
mousepad_01b.jpg,2.950549103461392
mousetrap_01b.jpg,3.14429061689932
mousse_01b.jpg,2.8801450048310424
mouth_01b.jpg,2.8696203795347577
mouthpiece_01s.jpg,3.0098814577702893
mud_01b.jpg,2.703802475540515
muff_01b.jpg,3.2615399946080768
muffin_01b.jpg,2.6881967828458992
mug_01b.jpg,2.897581102707503
mulberry_01b.jpg,2.84980687405343
mulch_01b.jpg,2.8766728218871562
mullet_01b.jpg,2.706616568276461
mushroom_01b.jpg,3.1875018718273935
music_box_01b.jpg,2.9418279166839723
mussel_01b.jpg,2.617665945388369
mustache_01b.jpg,2.9461782173323026
mustard_01b.jpg,2.812204296780938
nacho_01b.jpg,2.6262963700795643
nail_01b.jpg,2.6601727166635616
nail_clippers_01b.jpg,2.658920474746199
nail_file_01b.jpg,3.188980517301412
nail_polish_01b.jpg,2.842817236541141
napkin_01b.jpg,2.8997749563017665
napkin_ring_01b.jpg,3.19438904428307
navel_01b.jpg,2.742340453083158
neck_01b.jpg,2.8859364995870176
necklace_01b.jpg,3.1433374677653827
needle_01s.jpg,2.937120186573145
nest_01b.jpg,2.936135114422673
net_01b.jpg,2.925840926290568
nightshirt_01b.jpg,2.8944612468209994
nightstand_01b.jpg,2.8297172980185086
noisemaker_01b.jpg,3.0226781537664658
noodle_01s.jpg,2.5657954931240177
noose_01b.jpg,2.823619930546264
nose_01b.jpg,2.537721744137011
notebook_01b.jpg,3.043544048688792
notepad_01b.jpg,2.9662229104909237
nut_01b.jpg,2.746238209615945
nutcracker_01b.jpg,2.8065536588793085
oar_01b.jpg,2.9737062133033323
oatmeal_01s.jpg,2.6388601119629387
octopus_01b.jpg,2.3101940872108413
odometer_01b.jpg,2.718192756987282
oil_01b.jpg,2.870999852297832
oilcan_01b.jpg,3.1139579208048405
okra_01b.jpg,2.2174932726469607
olive_01b.jpg,2.383333119408103
omelet_01b.jpg,2.849654737971676
onion_01b.jpg,2.637684209924022
orange_01b.jpg,2.6143067302941057
orange_rind_01b.jpg,3.03602755571113
orangutan_01b.jpg,2.2347283327929417
orchid_01b.jpg,2.8875577420713268
organ_01b.jpg,3.001407369979835
origami_01b.jpg,3.177323098592006
ostrich_01b.jpg,2.573857257089824
otter_01b.jpg,2.513296349428659
ottoman_01b.jpg,2.9237735188424443
outfit_01s.jpg,2.8706468445632196
outlet_01b.jpg,2.762629756886967
oven_01b.jpg,2.4644061676861977
overalls_01s.jpg,2.827430394446415
owl_01b.jpg,2.597837793096254
oyster_01b.jpg,3.0497972643071063
pacifier_01s.jpg,2.866215421136281
paddle_01s.jpg,3.043832510013824
padlock_01b.jpg,2.515013425999122
paint_01b.jpg,3.230285182610947
paintbrush_01b.jpg,2.9252765342683382
painting_01b.jpg,3.2620703638029758
pajamas_01b.jpg,2.780875554289422
palette_01b.jpg,3.2486475404274717
pallet_01b.jpg,2.683552058698192
palm_tree_01b.jpg,2.9747791519861115
pan_01b.jpg,2.61446239413028
pancake_01b.jpg,2.4680353038488416
panda_01b.jpg,2.6642552915061386
panther_01b.jpg,2.4336401379284736
panties_01b.jpg,2.5602404708956894
pants_01b.jpg,2.528939583379471
pantsuit_01b.jpg,2.9669046845003915
pantyhose_01b.jpg,2.8217339687974943
papaya_01b.jpg,2.310131476559594
paper_01b.jpg,2.8168210640112976
paper_bag_01b.jpg,3.044959866967792
paper_plate_01b.jpg,2.7095523599910907
paper_towel_01b.jpg,2.9482564645622875
paperclip_01s.jpg,2.8434630860823282
paperweight_01b.jpg,2.989412438647786
parachute_01b.jpg,3.02886882245561
parfait_01b.jpg,2.530503352745774
parking_meter_01b.jpg,2.763735765189605
parrot_01b.jpg,2.744102954109012
parsley_01b.jpg,2.292395704886145
pasta_01b.jpg,2.555461806971977
pastry_01b.jpg,2.701954132029134
patch_01b.jpg,2.8542466206834467
patty_01b.jpg,2.230181939115841
payphone_01b.jpg,2.9722164272066416
pea_01s.jpg,2.5146782151914358
peach_01b.jpg,2.7159730585124437
peacock_01b.jpg,2.800978581075287
peanut_01b.jpg,2.7921275835429697
peanut_butter_01s.jpg,2.5132255656209463
pear_01b.jpg,2.768714689683063
pearl_01b.jpg,3.303934437835891
pecan_01b.jpg,2.858031894193036
pedal_01b.jpg,2.5029696166791258
pedometer_01b.jpg,2.8964683970942717
peeler_01b.jpg,3.160876564834491
peg_01b.jpg,3.0480256681908884
pelican_01b.jpg,2.673407534756437
pen_01b.jpg,2.8367737693534743
pencil_01s.jpg,2.8257360340941937
pencil_sharpener_01b.jpg,2.9010405900230074
pendulum_01b.jpg,3.274396945677751
penguin_01b.jpg,2.7523724520645936
penholder_01b.jpg,3.139965776812298
penlight_01b.jpg,2.9442163702762247
pennant_01b.jpg,3.26096347850876
pepper1_01b.jpg,2.968822437745467
pepper2_01b.jpg,2.769998603694812
pepper_mill_01b.jpg,2.6171858651733904
peppermint_01b.jpg,2.873249524731582
pepperoni_01b.jpg,2.8089866436209827
perfume_01b.jpg,3.2196860098218294
periscope_01b.jpg,3.086846069311792
pesto_01b.jpg,2.553010968351738
pet_food_01b.jpg,2.869750902340957
petal_01b.jpg,3.1689845975305175
petri_dish_01b.jpg,3.0081660756501067
pheasant_01b.jpg,2.7584779478214037
phone_01b.jpg,3.1334875692695516
phone_booth_01b.jpg,2.814620126457891
photo_booth_01b.jpg,3.091828134234395
photograph_01b.jpg,3.105813408994878
piano_01b.jpg,2.881638046287346
pickax_01b.jpg,2.759034902823631
pickle_01b.jpg,2.903665216526164
pie_01b.jpg,2.8331095060795812
piecrust_01s.jpg,2.99168601450371
pig_01b.jpg,2.2900073903231495
pigeon_01b.jpg,2.4131013315967667
piggy_bank_01b.jpg,3.2067606309481382
piglet_01b.jpg,2.2046435977425607
pill_01b.jpg,2.82693420393759
pillbox_01b.jpg,2.9643922408604184
pillow_01b.jpg,3.149963288093815
pin_01b.jpg,3.122911952160686
pinball_01b.jpg,2.8961934068554394
pincushion_01b.jpg,3.22809947940883
pine_needle_01b.jpg,2.9123045797112552
pine_tree_01s.jpg,3.050799133473553
pineapple_01b.jpg,2.718598971070873
pinecone_01b.jpg,2.9524620881199923
ping-pong_table_01b.jpg,2.746923117195084
pinwheel_01b.jpg,3.1350272757374618
pipe1_01b.jpg,3.2709856363612904
pipe2_01b.jpg,2.836473312139126
pistachio_01b.jpg,2.7421892628174045
pita_01b.jpg,2.5396553281537972
pitcher_01b.jpg,2.9616696990146893
pitchfork_01b.jpg,2.947679653925457
pizza_01b.jpg,2.351004907026492
place_mat_01b.jpg,3.058452589826628
plant_01b.jpg,2.8510160544132743
plaster_cast_01b.jpg,3.0411646726219783
plastic_film_01b.jpg,3.0956433713760885
plate_01b.jpg,2.9955787295524217
platypus_01b.jpg,2.744609825077742
playing_card_01b.jpg,2.8284806086335896
playpen_01b.jpg,2.974468283371773
pliers_01s.jpg,2.828568417827494
plug_01b.jpg,2.556630032252787
plum_01b.jpg,2.6373239125890384
plunger_01s.jpg,2.873803868966604
pocket_01b.jpg,2.9482413974402455
pocket_watch_01b.jpg,3.040191452006544
pocketknife_01b.jpg,2.9843946963430636
pogo_stick_01s.jpg,2.911718567773113
poinsettia_01b.jpg,2.8579334030367116
poker_01s.jpg,2.9519839462994586
polar_bear_01b.jpg,2.188059769986575
polaroid_01b.jpg,2.911577424787486
pole_01s.jpg,2.952402148931941
police_car_01s.jpg,2.734352403476221
polisher_01b.jpg,3.035864183692393
polo_shirt_01s.jpg,2.5422879571334365
polygraph_01b.jpg,2.623956251308382
pom-pom_01b.jpg,3.058932492152834
pomegranate_01b.jpg,3.005894542427887
pony_01b.jpg,2.3658122511736703
poodle_01b.jpg,2.375501692361125
pool_table_01s.jpg,3.0735822127036205
popcorn_01b.jpg,2.8819301543170663
poppy_01b.jpg,2.850906808247197
popsicle_01b.jpg,3.040076122506977
porcupine_01b.jpg,2.711742124375582
porthole_01b.jpg,2.9196276013895774
possum_01b.jpg,2.504049095546605
poster_01s.jpg,2.7784648081732057
pot_01b.jpg,2.6100264702095664
potato_01b.jpg,2.7105872512787608
potholder_01s.jpg,2.9846477304464525
pothole_01b.jpg,2.8468233528665303
potpie_01b.jpg,2.6747467315437636
potpourri_01b.jpg,3.032094526130302
powder_01b.jpg,2.856648751387564
power_line_01b.jpg,2.6818614195084596
praying_mantis_01b.jpg,2.4620255015413273
pretzel_01b.jpg,2.769157164306504
printer_01s.jpg,2.695235450699449
prism_01b.jpg,3.1612302841330107
projector_01b.jpg,2.770802067737206
propeller_01s.jpg,2.9066405912381357
prune_01b.jpg,2.9610554833632
puck_01b.jpg,2.9132810423334647
pudding_01b.jpg,2.9417256600136485
puddle_01b.jpg,2.757918492494454
puffin_01b.jpg,2.91192536397842
pug_01b.jpg,2.726378159860511
pulley_01b.jpg,2.795771716518849
pulpit_01b.jpg,2.9430399293978646
pump_01b.jpg,2.809226965074463
pumpkin_01b.jpg,3.0880725865983685
punch1_01s.jpg,2.8746098337144663
punch2_01b.jpg,2.766032751592658
punching_bag_01b.jpg,3.041776370779754
puppet_01b.jpg,2.959431655621823
puppy_01b.jpg,2.6566852901310547
purse_01b.jpg,2.991494465178313
quad_01b.jpg,2.64308055119623
quesadilla_01b.jpg,2.540900833302387
quiche_01b.jpg,2.2802993513651857
quill_01b.jpg,3.19279039435481
quilt_01b.jpg,2.9964878410028235
rabbit_01b.jpg,2.2299895701987973
raccoon_01b.jpg,2.1437138042816146
racehorse_01b.jpg,2.737205708779622
rack1_01b.jpg,3.0443229746043734
rack2_01s.jpg,2.7830163610939582
racket_01b.jpg,3.0963256257019487
radar_01s.jpg,2.926647201815449
radiator_01b.jpg,3.000837699876484
radio_01b.jpg,2.9985218294168807
radish_01b.jpg,2.862520333538444
raft_01b.jpg,3.066223716666276
rag_01b.jpg,2.9313990804420187
railing_01b.jpg,2.63085724064224
rain_gauge_01b.jpg,3.1802243171901816
raincoat_01s.jpg,3.015927759169368
raisin_01b.jpg,2.641370783366362
rake_01b.jpg,3.165504450635796
ram_01b.jpg,2.4842783595464417
ramp_01b.jpg,2.9123097927667487
raspberry_01b.jpg,2.3409118840599517
rat_01b.jpg,2.0166266782421287
ratchet_01s.jpg,2.3774797123831646
rattle_01b.jpg,3.235202522776829
rattlesnake_01b.jpg,2.5490013975740284
ravioli_01b.jpg,2.619926956856525
razor_01b.jpg,3.0987755239882873
razor_blade_01b.jpg,2.8568753239322535
ready_meal_01b.jpg,2.6508028598812254
rearview_mirror_01s.jpg,3.1481174154593337
recliner_01b.jpg,2.981952297430268
record_01b.jpg,2.6908086815096923
record_player_01b.jpg,3.124395454186187
recorder_01b.jpg,3.183088416528124
red_carpet_01s.jpg,3.1719944700383307
reel_01b.jpg,2.8645436990048867
refrigerator_01b.jpg,2.907919002482863
reindeer_01b.jpg,2.8013878534266556
remote_control_01b.jpg,2.766891692484128
retainer_01b.jpg,3.124746952730838
revolver_01s.jpg,2.4957565753728086
revolving_door_01b.jpg,2.9835728452971644
rhinoceros_01b.jpg,2.20924133926107
rhubarb_01b.jpg,3.104170923801944
ribbon_01b.jpg,3.2310801750939824
rice_01b.jpg,2.579252619730138
rickshaw_01b.jpg,2.9512160050091896
rifle_01s.jpg,2.833355094446682
rim_01b.jpg,3.031254639502129
ring_01b.jpg,2.914397832839917
riser_01b.jpg,3.013345799188323
road_sign_01b.jpg,2.914300380694057
roadsweeper_01b.jpg,2.874211341926615
robe_01s.jpg,2.802422395325267
robot_01b.jpg,2.78990238662627
rock_01s.jpg,2.80851559334213
rocket_01b.jpg,2.7597857283368454
rocking_chair_01b.jpg,2.710341234209958
rocking_horse_01s.jpg,2.7642766711727695
roll_01b.jpg,2.8399433262745437
roller_01b.jpg,3.0064233558216094
roller_coaster_01b.jpg,3.1305755042785024
rollerblade_01b.jpg,2.9771539378029983
rollerskate_01b.jpg,3.213339396085897
rolling_pin_01b.jpg,2.9915702865486775
roof_rack_01b.jpg,2.6755950875434498
rooster_01b.jpg,2.760943607410841
root_01b.jpg,3.096029095613233
rope_01b.jpg,3.024307911211753
rosary_01b.jpg,3.1533509223320633
rose_01b.jpg,2.859109137447275
roulette_wheel_01b.jpg,3.0277728994260924
router_01b.jpg,2.601613196827112
rubber_band_01b.jpg,3.139208003914667
ruby_01b.jpg,2.891180295660658
rudder_01b.jpg,3.226983115588115
rug_01b.jpg,2.7769709799058044
ruler_01b.jpg,2.9380416255116226
rust_01b.jpg,2.7876816172725007
saddle_01s.jpg,3.1060785690022152
safety_pin_01b.jpg,3.0294358606541025
saffron_01b.jpg,3.076887712060333
sail_01b.jpg,3.029856350069909
sailboat_01b.jpg,3.096115561622536
salad_01b.jpg,2.470543820997021
salami_01b.jpg,2.8510876049455494
saltshaker_01b.jpg,3.0437586456885084
sand_01b.jpg,3.0419582728444983
sandal_01b.jpg,2.831840950302391
sandbag_01b.jpg,2.9000229966742
sandbox_01b.jpg,2.987989587275199
sandcastle_01b.jpg,3.075125295658613
sandpaper_01b.jpg,3.033353598499837
sandwich_01b.jpg,2.5969815386354744
sarcophagus_01b.jpg,3.1354394914117454
sardine_01s.jpg,2.5163624782999334
satellite_01b.jpg,2.7400654061791325
satellite_dish_01b.jpg,2.925081513537053
sauce_01b.jpg,2.9170648646408073
saucer_01b.jpg,2.827726213129124
sauerkraut_01b.jpg,2.601869023536306
sausage_01b.jpg,2.8333060821078493
saw_01s.jpg,2.693378315202494
sawhorse_01b.jpg,2.7706437798494705
saxophone_01s.jpg,2.873535813326579
scaffold_01s.jpg,2.531666020602469
scaffolding_01b.jpg,2.9450901524127624
scale_01b.jpg,3.041004390444811
scallion_01b.jpg,2.623904226812042
scallop_01b.jpg,2.537022308778771
scalpel_01b.jpg,2.8124293846465624
scanner_01b.jpg,2.506833896827905
scarecrow_01b.jpg,3.2187442861801023
scarf_01s.jpg,3.146518389887135
school_bus_01b.jpg,2.925205620718722
scissors_01s.jpg,2.7709254273707473
scone_01b.jpg,2.6712308248579806
scoop_01b.jpg,2.96367446001529
scooter_01b.jpg,2.9821906303138124
scoreboard_01b.jpg,2.9732742800768843
scorpion_01b.jpg,2.6178984455705683
scrabble_01b.jpg,2.7594346934590153
scrambled_egg_01b.jpg,2.1399695698287524
scraper_01b.jpg,2.8297901819029807
screen1_01b.jpg,2.602221919253475
screen2_01b.jpg,3.063569579824625
screw_01s.jpg,2.8730097851531595
screwdriver_01s.jpg,2.765660179550738
scuba_01b.jpg,2.891289374816238
sea_urchin_01b.jpg,2.951189876117734
seafood_01b.jpg,2.7003984433092145
seagull_01b.jpg,2.827255218001038
seahorse_01b.jpg,2.709705107473017
seal_01b.jpg,2.4040916695459305
seaplane_01b.jpg,2.8714383389560068
seatbelt_01b.jpg,2.787366464008824
seaweed_01b.jpg,2.901563864068107
seed_01b.jpg,2.689285638387271
seesaw_01b.jpg,3.142901782749049
seismograph_01b.jpg,2.808805405519809
sequin_01b.jpg,2.829163039704292
sewage_01b.jpg,2.7406725529677805
sewing_kit_01b.jpg,3.1520694478617064
sewing_machine_01b.jpg,2.8232129512588293
shaker_01b.jpg,2.4267501705713657
shark_01b.jpg,2.4161998913467566
shaving_cream_01b.jpg,3.080143576279214
shawl_01b.jpg,3.0426588055709396
shears_01b.jpg,2.887116072800277
sheath_01b.jpg,2.944125847499256
sheep_01b.jpg,2.34445566004039
sheet_01b.jpg,2.783216262660568
shelf_01b.jpg,2.800176998616699
shell1_01b.jpg,2.710102762229682
shell2_01b.jpg,3.1780138390200374
shell3_01b.jpg,2.894140907830724
shield_01b.jpg,2.9550991536942117
ship_01b.jpg,3.013461939101778
shirt_01s.jpg,2.9936623928949766
shoe_01s.jpg,2.9257580646380483
shoe_polish_01s.jpg,2.917674418277541
shoehorn_01b.jpg,3.1302609768292555
shoelace_01b.jpg,3.0299255368982436
shopping_basket_01b.jpg,2.936898063626886
shopping_cart_01b.jpg,3.0017312516530206
shortbread_01b.jpg,2.8388371691069607
shorts_01b.jpg,2.7013745171281256
shoulder_01b.jpg,3.0083409016379203
shovel_01b.jpg,3.0153187404587514
shower_01b.jpg,2.782234876660501
shower_cap_01b.jpg,3.018743607652577
shower_curtain_01b.jpg,3.0622186042279873
showerhead_01b.jpg,3.0139761035519057
shredder_01b.jpg,2.875125189303142
shrimp_01b.jpg,2.4288734789904187
shuffleboard_01b.jpg,3.206063219896378
shutter_01b.jpg,3.086727380908141
sickle_01b.jpg,2.8402323321289336
sidecar_01b.jpg,2.6436690692240745
sifter_01b.jpg,3.0639592226548893
silicone_01b.jpg,3.1283957447442017
silverware_01b.jpg,2.67097841352819
sim_card_01b.jpg,2.805847581877976
sink_01b.jpg,2.7473667166208284
siren_01s.jpg,3.1512386960247993
skateboard_01b.jpg,3.0796505892547046
skeleton_01b.jpg,3.089860251811287
skewer_01b.jpg,3.127809607345053
ski_01b.jpg,3.1101314293365716
ski_boots_01b.jpg,2.9569360847396267
ski_lift_01b.jpg,2.9705446972514764
ski_pole_01b.jpg,2.983196608630213
skin_01b.jpg,2.8396546915002943
skirt_01b.jpg,2.813212776885311
skull_01b.jpg,2.7816287448982644
skunk_01b.jpg,2.8575067366017466
sled_01b.jpg,3.1657271128122013
sledgehammer_01b.jpg,2.796558928255193
sleeping_bag_01b.jpg,3.3207334998298204
slicer_01b.jpg,2.812185478257501
slide_01b.jpg,2.970925501301795
slime_01b.jpg,3.055544870019325
sling_01b.jpg,2.991777991262615
slingshot_01b.jpg,3.2278820906008847
slipper_01b.jpg,2.9971309082401696
slot_01b.jpg,2.9941876449444274
slot_machine_01b.jpg,2.759570204444891
sloth_01b.jpg,2.5050104732926544
slug_01s.jpg,2.7228042756754403
smoke_alarm_01b.jpg,2.820382637248421
smoothie_01b.jpg,2.7583760976112144
snack_01b.jpg,2.6482919014795274
snail_01b.jpg,2.656003010721486
snake_01b.jpg,2.942419884303521
snorkel_01b.jpg,3.1458246942569597
snow_01b.jpg,2.8989353459485585
snowball_01b.jpg,3.023887524566937
snowboard_01b.jpg,3.168326220920463
snowman_01b.jpg,2.914952802110635
snowmobile_01b.jpg,2.907127425595401
snowplow_01b.jpg,2.8661983019943795
snowshoe_01b.jpg,3.0607313211036544
snowsuit_01b.jpg,2.9065008477419947
soap_01b.jpg,3.074362309328293
soccer_ball_01b.jpg,2.961149347944462
sock_01b.jpg,3.008279165696805
soda_01b.jpg,3.0926624743834275
soda_fountain_01s.jpg,3.008420718253415
sofa_bed_01b.jpg,3.0052729107799006
solar_panel_01b.jpg,2.9581192072422957
soldering_iron_01b.jpg,3.101344552721622
sombrero_01b.jpg,2.9908105267370146
sonogram_01b.jpg,2.7959605463266874
sorbet_01b.jpg,2.913658436744448
souffle_01s.jpg,2.5519356760100673
soup_01b.jpg,2.7764916189556175
soy_sauce_01s.jpg,2.841083737820948
space_shuttle_01b.jpg,2.6506974515316295
spacesuit_01b.jpg,3.0428269822754146
spaghetti_01b.jpg,2.55790329391614
spam_01b.jpg,2.5837549271804443
spareribs_01b.jpg,2.7674400476261027
spark_plug_01b.jpg,2.7167544614587067
sparkler_01b.jpg,3.2331950966577345
spatula_01b.jpg,2.91035602683046
speaker_01s.jpg,3.0476568058522373
spear_01s.jpg,2.8538947590832007
speedboat_01s.jpg,2.904258878149179
speedometer_01b.jpg,2.561542964709654
spider_01b.jpg,2.494925118119024
spider_web_01b.jpg,2.961344034760385
spinach_01b.jpg,2.6024175644765983
splinter_01b.jpg,2.9235275817833966
sponge_01b.jpg,3.142504377147256
spool_01b.jpg,3.0728758295086513
spoon_01b.jpg,3.0057945652885483
spout_01b.jpg,3.020405361391232
spring_roll_01b.jpg,2.4905222562620946
springboard_01b.jpg,3.24077017740741
sprinkler_01b.jpg,2.9498770951679414
sprouts_01b.jpg,2.862049098854312
spur_01b.jpg,3.1105381727165566
squash_01b.jpg,2.740555353543654
squeegee_01b.jpg,2.9973644125519674
squid_01b.jpg,2.6798678081843903
squirrel_01b.jpg,2.5296663416011884
squirt_gun_01b.jpg,3.177735080853392
stained_glass_01b.jpg,2.95102435774755
stair_01b.jpg,2.959709957223107
stake_01b.jpg,3.0640348525007792
stalagmite_01b.jpg,2.8846457378176615
stamp1_01b.jpg,3.03117542869237
stamp2_01b.jpg,3.188672305637848
staple_01b.jpg,2.8334784150244814
staple_gun_01b.jpg,2.8532080317756106
stapler_01b.jpg,2.8428227662421266
star_fruit_01b.jpg,2.757877611749246
starfish_01b.jpg,2.987073571770778
station_wagon_01b.jpg,2.6453464396700466
statue_01b.jpg,2.731419875932502
steak_01b.jpg,2.7121104782776757
steamroller_01b.jpg,2.9546527338502457
steering_wheel_01b.jpg,2.8500926686350776
stem_01b.jpg,3.0497384179815112
step_stool_01b.jpg,2.893591077660453
stereo_01b.jpg,2.772281123051004
stethoscope_01b.jpg,2.845594251346342
stew_01b.jpg,2.438759274083525
stick_01b.jpg,2.9947490015957885
sticker_01b.jpg,2.7493903839579006
stiletto_01b.jpg,2.8489333249108806
stilt_01b.jpg,2.940991763566021
stingray_01s.jpg,2.8177198867173234
stir_fry_01s.jpg,2.4411391977332646
stirrup_01b.jpg,2.911490864360441
stockings_01b.jpg,2.870671755552369
stomach_01b.jpg,2.5643122740795894
stool_01b.jpg,3.1313917254672807
stopwatch_01b.jpg,2.998336439647924
stove1_01b.jpg,3.046418917182469
stove2_01b.jpg,3.0333918203629837
straightjacket_01b.jpg,3.0167882197148166
strainer_01b.jpg,2.8247918556620744
strap_01b.jpg,2.846038078573245
straw1_01b.jpg,2.8526157470553093
straw2_01b.jpg,2.9103560016490615
strawberry_01b.jpg,2.572075799220309
streetlight_01b.jpg,3.024263207748498
stretcher_01s.jpg,3.082818304794476
string_cheese_01b.jpg,2.9408504232593575
stroller_01b.jpg,3.0227775518070104
stuffing_01b.jpg,2.45187471267561
stump_01b.jpg,2.7065750711731704
submarine_01b.jpg,2.8065446254791535
subway_01b.jpg,2.9988563058790807
sugar_cube_01b.jpg,3.0445109178121523
suit_01b.jpg,2.5557270157342744
suitcase_01b.jpg,2.9774003366793056
sundae_01b.jpg,2.7813142212899677
sundial_01b.jpg,2.9984057830003312
sunflower_01b.jpg,3.0335721279898062
sunglasses_01b.jpg,3.1525173067161254
sunroof_01b.jpg,3.0910778259082226
surfboard_01b.jpg,3.246350051904473
sushi_01b.jpg,2.803171515096679
suspenders_01b.jpg,3.129582298569493
swab_01b.jpg,3.193090771839414
swan_01b.jpg,2.814852233264647
sweater_01b.jpg,2.968654439012595
sweatsuit_01s.jpg,2.9181383488282067
sweeper_01b.jpg,2.9938468321562963
sweet_potato_01b.jpg,2.8976960809106185
swimming_pool_01b.jpg,3.07228406002743
swimsuit_01b.jpg,2.955620177824185
swing_01b.jpg,3.0910079404923616
swing_set_01b.jpg,2.9700429606454297
switch_01b.jpg,2.9658818091642294
swizzle_stick_01b.jpg,3.0029661105925856
sword_01b.jpg,2.777985809635731
swordfish_01b.jpg,2.6771955214894834
syringe_01b.jpg,2.974384065020559
syrup_01s.jpg,2.884073289519652
t-shirt_01b.jpg,2.9720239376630526
tab_01b.jpg,2.7643847395387735
table_01b.jpg,2.7955945492092673
tablecloth_01b.jpg,2.878436924774997
tablet_01b.jpg,2.8248714224592777
tack_01b.jpg,3.0962123889234427
tackle_01b.jpg,3.053658088971897
taco_01b.jpg,2.5122779442636602
tadpole_01b.jpg,2.6412679674012396
taffy_01b.jpg,3.0535801755195133
tag_01b.jpg,2.9800572782015498
taillight_01b.jpg,2.91600594767834
tamale_01b.jpg,2.926980782980041
tambourine_01b.jpg,3.0473288915449057
tank1_01b.jpg,2.7041371414093804
tank2_01b.jpg,2.9094598852620175
tape_01b.jpg,3.1279076115562265
tape_measure_01b.jpg,3.079222581668483
tape_recorder_01b.jpg,2.7249203857273665
tapestry_01b.jpg,2.9283959580732106
tarantula_01b.jpg,2.5799884472637786
target_01b.jpg,3.025228456919416
tarp_01b.jpg,2.9411799119057216
tattoo_01b.jpg,2.8704466241624322
taxi_01s.jpg,2.704582111532019
tea_01b.jpg,2.914367155140053
teabag_01b.jpg,3.1682918636997233
teacup_01b.jpg,2.9865626235990756
teapot_01b.jpg,3.0954923496652107
teddy_bear_01b.jpg,3.022924030216113
tee_01b.jpg,3.013749552656996
teepee_01b.jpg,3.1901481713126847
telegraph_01s.jpg,2.9659495970733003
telephone_pole_01b.jpg,2.863694883334705
telescope_01b.jpg,2.9201672125477653
television_01b.jpg,2.878326466472932
tennis_ball_01b.jpg,2.9111631683857806
tent_01b.jpg,3.2464141036827816
terrarium_01b.jpg,3.070366335407229
test_tube_01b.jpg,2.8788461716043545
thermometer_01b.jpg,3.1378908379449113
thermos_01b.jpg,3.0087923596218045
thermostat_01b.jpg,2.757801772184562
thimble_01b.jpg,3.01946445558508
thorn_01b.jpg,3.2361281481747057
thread_01b.jpg,2.9970264105008457
throne_01b.jpg,2.860812410429892
thumb_01b.jpg,2.9399346299798657
thumbtack_01b.jpg,2.7788709265577847
tiara_01b.jpg,2.878928539058234
tick_01b.jpg,3.0242334429062154
ticktacktoe_01b.jpg,3.0021006896710456
tie_01b.jpg,2.893043110913498
tiger_01b.jpg,2.4936227373737645
tile_01s.jpg,2.965989760796873
timer_01b.jpg,2.9306440692910116
tinsel_01b.jpg,2.8424996958302673
tiramisu_01b.jpg,2.650372717054289
toad_01b.jpg,2.5492951756817717
toast_01b.jpg,2.342156032692551
toaster_01b.jpg,2.6701096841515897
toaster_oven_01b.jpg,2.514253252640413
toe_01b.jpg,2.77890985655577
toga_01b.jpg,2.9339479160899
toilet_01b.jpg,2.886632097904272
toilet_paper_01b.jpg,2.9947438960816832
tomato_01b.jpg,2.6075119783318117
tomato_sauce_01b.jpg,2.647557285929601
tongs_01s.jpg,3.045300907754275
tongue_01s.jpg,2.7514051343126846
tool_01b.jpg,2.6626083968976153
toolbox_01b.jpg,2.9573773751969736
tooth_01b.jpg,3.1134102397210808
toothbrush_01s.jpg,2.8501366110869646
toothpaste_01b.jpg,3.0932548852028265
toothpick_01b.jpg,2.9977892840722884
top_hat_01b.jpg,3.1660097911328724
torch_01b.jpg,3.150864098868455
torpedo_01s.jpg,3.0522284988943507
torso_01s.jpg,2.664228902983708
tortellini_01b.jpg,2.9048821879300957
tortilla_01b.jpg,2.9034237327498698
tostada_01b.jpg,2.765068523377699
totem_pole_01b.jpg,3.059716053605779
toucan_01b.jpg,3.0589728601182213
touchpad_01b.jpg,2.5828775176524656
towel_01b.jpg,3.0700412012751634
towel_rack_01b.jpg,2.9756549230223763
toy_01s.jpg,2.961512941475557
tractor_01b.jpg,2.8572899914257768
traffic_light_01b.jpg,2.9876684954373047
trailer_01b.jpg,3.091700555888335
train_01b.jpg,2.7217456897329386
train_car_01b.jpg,2.8227535596627993
train_set_01b.jpg,3.1447679050642985
trampoline_01b.jpg,3.106227263797955
trap_01b.jpg,3.201885462306598
trapdoor_01b.jpg,2.6612786352371485
trashcan_01b.jpg,2.9246299274115404
tray_01s.jpg,2.729808361543199
treadmill_01b.jpg,3.0508174923155815
treasure_01b.jpg,3.0882600758671037
tree_01b.jpg,2.828755129184327
tree_trunk_01b.jpg,2.849500148802686
triangle_01b.jpg,3.118913512790028
tricycle_01b.jpg,2.91701274993237
trident_01b.jpg,3.021889741519467
trigger_01s.jpg,2.729901461187648
tripod_01b.jpg,2.9464780459913342
trolley_01b.jpg,2.662552643437979
trombone_01s.jpg,2.762609388429329
trophy_01b.jpg,3.0387168474365374
trough_01b.jpg,2.923908820766085
trowel_01s.jpg,2.657653883877029
truck_01b.jpg,2.744820388718843
trumpet_01s.jpg,3.0095318453169946
trunk_01b.jpg,2.8813451481801704
tuba_01b.jpg,2.7920867293106095
tube_top_01b.jpg,2.705341775432824
tugboat_01b.jpg,2.741535648396379
tulip_01b.jpg,3.023611422181331
tumbleweed_01b.jpg,2.837384238954945
tuning_fork_01b.jpg,2.822974435748504
tupperware_01b.jpg,2.9005819980846366
turban_01b.jpg,3.180709783872247
turbine_01b.jpg,2.9669263803964663
turf_01b.jpg,2.9063642809808004
turkey_01s.jpg,2.411936007130178
turnstile_01b.jpg,2.5304560665819973
turntable_01b.jpg,2.6557027070460593
turtle_01b.jpg,2.6978455721699226
turtleneck_01b.jpg,2.866685457011127
tuxedo_01b.jpg,2.9905660952559505
tweezers_01b.jpg,3.0558136604173636
twig_01b.jpg,2.9878806488988645
typewriter_01b.jpg,2.548171948257016
ukulele_01b.jpg,3.0402259341692073
umbrella_01b.jpg,3.220628287607026
undershirt_01s.jpg,2.7116932606155766
underwear_01b.jpg,2.8727355548594486
unicycle_01b.jpg,2.7806077169988113
uniform_01b.jpg,2.589247057534763
urinal_01b.jpg,2.732182842389076
urn_01b.jpg,2.9877335449573765
vacuum_01s.jpg,3.079178268231293
valve_01b.jpg,2.6119413363572677
van_01b.jpg,3.09141259438948
vase_01b.jpg,3.2172101057449023
vegetable_01b.jpg,2.6274880913184444
veil_01s.jpg,3.0044593085031077
velcro_01b.jpg,3.1343396783321023
vending_machine_01b.jpg,2.7780916636396755
vent_01b.jpg,2.92697115801739
vest_01b.jpg,2.9138153962275766
vial_01s.jpg,2.999966428253356
videocassette_01b.jpg,2.8046178732962073
videogame_01b.jpg,2.7492967148381666
viewfinder_01s.jpg,3.164811753011907
violin_01b.jpg,3.108365052579652
vise_01b.jpg,2.5112745029549175
visor_01b.jpg,3.18188977705933
volleyball_01b.jpg,2.938667432696399
vulture_01b.jpg,2.5416791153347673
wafer_01b.jpg,2.7022922529354307
waffle_01b.jpg,2.8512235546500357
waffle_iron_01b.jpg,2.8697640585405715
wagon_01b.jpg,2.7788838906218647
walker1_01b.jpg,2.8895929958781283
walker2_01b.jpg,3.008432915059508
wall_01b.jpg,2.7479490374461526
wallet_01b.jpg,2.9752192787721423
wallpaper_01b.jpg,2.812369279690713
walnut_01b.jpg,2.447338523072269
walrus_01b.jpg,2.400917814700238
wand_01s.jpg,2.8143700794813187
warthog_01b.jpg,2.417020531855862
washboard_01b.jpg,3.0698996058628407
washcloth_01b.jpg,3.176108626356807
washing_machine_01b.jpg,2.915877711399264
wasp_01b.jpg,2.941087733782571
watch_01b.jpg,3.1265517222991006
water_bottle_01b.jpg,3.1029222757947763
water_cooler_01b.jpg,3.115506227936686
water_filter_01b.jpg,3.0321323374017446
water_fountain_01b.jpg,2.9243069005015974
water_heater_01b.jpg,2.629513358840765
watering_can_01b.jpg,3.1709286968999417
watermelon_01b.jpg,2.6147595537913
waterwheel_01b.jpg,3.0940212605264037
wax_01b.jpg,2.7914825794247533
wax_paper_01s.jpg,2.8075142048905173
weasel_01b.jpg,2.071089256291884
weather_vane_01s.jpg,2.7612241773616217
webcam_01b.jpg,2.909424429534885
wedding_cake_01b.jpg,2.7546639431271087
wedge_01b.jpg,2.9713096419169625
weed_01b.jpg,2.9859245392968443
wetsuit_01b.jpg,2.9969822222123708
whale_01b.jpg,2.2568618832725966
wheat_01b.jpg,2.8224215307241654
wheel_01b.jpg,2.982947293241161
wheelbarrow_01b.jpg,2.9715875103056666
wheelchair_01b.jpg,2.9785075936925454
whip_01b.jpg,3.110480459692824
whipped_cream_01b.jpg,3.0890567783341956
whisk_01b.jpg,3.0065168358322536
whistle_01b.jpg,3.142590784195603
whiteboard_01b.jpg,2.8587433328625056
whoopee_cushion_01b.jpg,3.188108230355245
wick_01b.jpg,3.175329265220934
wig_01s.jpg,2.846822958013602
wind_chimes_01s.jpg,3.124480829632636
window_01b.jpg,2.8696229521849586
windowsill_01b.jpg,2.9408905087107255
windshield_01b.jpg,2.9851842062724505
windshield_wiper_01b.jpg,2.9474928285463635
windsock_01b.jpg,3.105020392992738
wine_01b.jpg,2.781549711609447
wine_bottle_01b.jpg,3.182591566715942
wine_cooler_01b.jpg,2.9474242433512234
wineglass_01b.jpg,3.0731718168328506
wing_01b.jpg,2.710266854849562
wire_01s.jpg,3.047753822477279
wire_cutters_01b.jpg,2.7360363766267044
wok_01b.jpg,2.9196824137164024
wolf_01b.jpg,1.9849157276867817
woman_01b.jpg,2.7187744264920846
wood_01b.jpg,2.744571868394252
wooden_leg_01b.jpg,2.976848475148149
workbench_01b.jpg,2.765172955790503
worm_01b.jpg,2.8029871788674945
wrap_01b.jpg,2.3718136368665195
wrapping_paper_01b.jpg,3.199191121795813
wreath_01b.jpg,3.0518000916801684
wreck_01b.jpg,3.0058366225953086
wrench_01b.jpg,2.365268655973676
wrist_01b.jpg,2.892812759686335
xylophone_01b.jpg,2.8730429455274282
yacht_01b.jpg,2.8556633249660415
yak_01b.jpg,2.541366658725778
yarn_01b.jpg,3.154092659236091
yo-yo_01s.jpg,3.0514912942965653
yogurt_01s.jpg,2.8783843952414823
yoke_01s.jpg,2.7237771353723748
yolk_01b.jpg,2.8199420429153723
zebra_01b.jpg,2.771476750022735
zipper_01b.jpg,2.9185136591434806
zucchini_01b.jpg,2.641561740246756
