image,Entropy
aardvark_01b.jpg,2.1294745266889827
abacus_01b.jpg,3.456033022292008
accordion_01b.jpg,3.357678444089934
acorn_01b.jpg,3.503026912318395
air_conditioner_01b.jpg,3.103252669172551
air_mattress_01b.jpg,3.286842803796354
air_pump_01s.jpg,3.431315269680528
airbag_01b.jpg,3.310059338953713
airboat_01s.jpg,3.024222665600828
aircraft_carrier_01b.jpg,3.11579224416392
airplane_01b.jpg,2.8663418759925454
album_01s.jpg,3.377022213668096
alligator_01b.jpg,2.254683871754958
almond_01b.jpg,3.1584442231823546
aloe_01b.jpg,3.2731199241350537
alpaca_01b.jpg,2.4430357400756857
altar_01b.jpg,3.417546472456465
aluminum_foil_01b.jpg,3.527557088012086
amber_01b.jpg,3.5422232934153635
ambulance_01b.jpg,3.0014337869339185
amplifier_01s.jpg,3.075769336961838
anchor_01b.jpg,3.1633817475168975
ankle_01b.jpg,3.2424210293461218
anklet_01b.jpg,3.629780999978932
ant_01b.jpg,3.1263876910682336
anteater_01b.jpg,2.356069004778652
antelope_01b.jpg,2.291456927631735
antenna_01b.jpg,3.2946569356805173
anvil_01b.jpg,3.2551023705899693
appetizer_01b.jpg,2.924471777064842
apple_01b.jpg,3.405359352210366
apple_tree_01b.jpg,3.2327899654756744
applesauce_01b.jpg,2.901198145371207
apron_01b.jpg,3.078847738935663
aquarium_01b.jpg,3.4929888284717343
arch_01b.jpg,3.2964607618190795
arm_01b.jpg,3.3112533574670397
armor_01b.jpg,3.3131658889486966
arrow_01b.jpg,3.6265267771597736
artichoke_01b.jpg,3.0616919860883134
arugula_01b.jpg,3.0962958168967822
ashtray_01s.jpg,3.5133453951578852
asparagus_01b.jpg,3.1565585855842277
avocado_01b.jpg,3.2723971321174306
awning_01b.jpg,3.620670261357371
axe_01b.jpg,3.147789170999662
baby_01b.jpg,3.475120146711347
backdrop_01b.jpg,3.4398664735300604
backgammon_01b.jpg,3.4451996785972714
backpack_01b.jpg,3.241821841165001
backscratcher_01b.jpg,3.3774470554623526
bacon_01b.jpg,2.7245303617533265
badge_01b.jpg,3.4838120404654496
badger_01b.jpg,2.8030269729933175
bag_01b.jpg,3.2453823192073514
bagel_01s.jpg,3.2747480241257443
bagpipe_01b.jpg,3.602949731225341
baklava_01s.jpg,2.6268853818655518
balance_beam_01b.jpg,3.5080839649559774
ball_01b.jpg,3.498715305754131
balloon_01b.jpg,3.484723597891258
ballot_box_01b.jpg,3.3959575418468058
bamboo_01b.jpg,3.429213085250449
banana_01b.jpg,3.4626459086160635
banana_peel_01b.jpg,3.308126324219452
banana_split_01b.jpg,3.0455400840940947
bandage_01b.jpg,3.563165154495169
bandanna_01b.jpg,3.1907842664556223
banjo_01s.jpg,3.512642941453051
bank_01b.jpg,3.3518488912247877
banner_01b.jpg,3.677587236641192
barbed_wire_01b.jpg,3.2380686210022014
barbell_01s.jpg,3.395969812975301
barcode_01b.jpg,3.426918677383758
bark_01s.jpg,3.2932617457131594
barnacle_01s.jpg,3.328814217296229
barrel_01b.jpg,3.4374664133830954
barrette_01b.jpg,3.5635494966334083
baseball_01b.jpg,3.2005066568803593
baseball_bat_01b.jpg,3.4223936106682764
baseball_glove_01b.jpg,3.500710441693027
basil_01b.jpg,3.0991361693040522
basket_01b.jpg,3.578372581178878
basketball_01b.jpg,3.5105710667301646
basketball_hoop_01b.jpg,3.5357309489084447
bassinet_01b.jpg,3.2673378123672214
bassoon_01b.jpg,3.4638763694014263
bat1_01b.jpg,2.427139734800412
bat2_01b.jpg,3.421925064468434
bathmat_01b.jpg,3.5775202418842764
bathrobe_01b.jpg,3.0572896124470943
bathtub_01b.jpg,3.1285189415837085
baton1_01s.jpg,3.5457181001585325
baton2_01s.jpg,3.4086879903941
baton3_01s.jpg,3.505596587479049
baton4_01b.jpg,3.4358706532139256
batter_01b.jpg,2.905925585932212
battery_01b.jpg,3.322828142041117
bazooka_01b.jpg,3.3032452312797997
beachball_01b.jpg,3.511083337799481
bead_01b.jpg,3.2848004931465145
beaker_01b.jpg,3.21303793151033
bean_01b.jpg,3.0845363621784085
beanbag_01b.jpg,3.56660425635845
beanie_01b.jpg,3.2751846071290274
bear_01b.jpg,2.267044036203455
beard_01b.jpg,3.335613776967031
beaver_01b.jpg,2.712462129702334
bed_01b.jpg,3.090899819452045
bedpan_01b.jpg,3.6004906781584896
bedpost_01b.jpg,3.269482800328436
bee_01b.jpg,2.8424625289073813
beehive_01b.jpg,3.2727401462622874
beer_01s.jpg,3.027046320258993
beet_01b.jpg,3.119748887693793
beetle_01b.jpg,2.860333152955205
bell_01b.jpg,3.0893055586519877
bell_pepper_01b.jpg,2.9562831816520414
belt_01b.jpg,3.1700912352921464
belt_buckle_01b.jpg,3.382060290577875
bench_01b.jpg,3.3735911305967186
berry_01b.jpg,3.3693406307966347
bib_02s.jpg,3.353767574029958
bike_01b.jpg,3.2812312450077625
bikini_01b.jpg,3.4568408709904417
bin_01b.jpg,3.3935333548906987
binder_01b.jpg,3.3204159533865525
binoculars_01s.jpg,3.479078953872069
bird_01b.jpg,2.6018988888036274
birdbath_01b.jpg,3.2058687782692066
birdcage_01b.jpg,3.3766341736574126
birdhouse_01b.jpg,3.3829843012726624
birthday_cake_01b.jpg,3.3449575554431648
biscuit_01b.jpg,2.897736490899208
bison_01b.jpg,2.3010100365831003
blackberry_01b.jpg,2.934034177899286
blanket_01b.jpg,3.3020544081376673
blazer_01b.jpg,3.2905901663978474
blender_01b.jpg,2.8161957693398056
blimp_01b.jpg,3.44923706642407
blind_01b.jpg,3.4588963794935004
blinder_01b.jpg,3.194605549595237
blindfold_01b.jpg,3.461565113893881
block_01b.jpg,3.4693424067583973
blouse_01b.jpg,3.219789832996814
blower_01b.jpg,3.4358687971456945
blowfish_01b.jpg,2.9317321280958515
blowgun_01s.jpg,3.4877608533977704
blowtorch_01b.jpg,3.385732605274957
blueberry_01b.jpg,3.1290465849148825
boa_01s.jpg,3.3805545352894684
boar_01b.jpg,2.6539010594061105
board_01b.jpg,3.3704073140644595
board_game_01b.jpg,3.2011013409576132
boat_01b.jpg,3.05784461234489
bobsled_01s.jpg,3.2577607465093963
bok_choy_01b.jpg,3.0363310816335503
bolo_tie_01b.jpg,3.3044195823932334
bologna_01b.jpg,3.207907902513365
bolt_01b.jpg,3.033857034619419
bomb_01b.jpg,3.268038236530174
bone_01b.jpg,3.4239844555682533
bongo_01s.jpg,3.594500771222277
bonnet_01s.jpg,3.508139041510594
bonsai_01b.jpg,3.413021171613087
book_01b.jpg,3.354990238991407
bookmark_01s.jpg,3.592945446711274
bookshelf_01b.jpg,3.144450364963643
boomerang_01s.jpg,3.5117233407365123
boot_01b.jpg,3.436894887342055
bottle_01b.jpg,3.145847116873041
bottle_opener_01b.jpg,3.345674951386031
boulder_01b.jpg,3.439288960429956
bouquet_01b.jpg,3.312149312134686
bow1_01b.jpg,3.4586847361263824
bow2_01s.jpg,3.3710192818811464
bow3_01b.jpg,3.3806836924088195
bowl_01b.jpg,3.4520028131998397
bowler_hat_01b.jpg,3.4567837076575127
bowling_ball_01b.jpg,3.4240663786038104
bowtie_01b.jpg,3.314173703145054
box_01b.jpg,3.4478393338205677
boxer_shorts_01b.jpg,3.14322242338349
boxing_gloves_01b.jpg,3.5200790303434037
boy_01b.jpg,3.047188333064307
bra_01s.jpg,3.155177032429931
brace_01b.jpg,3.24603760681914
bracelet1_01s.jpg,3.580662878726478
bracelet2_01b.jpg,3.4730233921340123
bracket_01b.jpg,3.0790239065585725
braid_01b.jpg,3.5873928016009673
brake_01b.jpg,3.298587283570178
branch_01b.jpg,3.0631415241296134
brass_knuckles_01b.jpg,3.2768469700219054
bread_01b.jpg,3.381347740644667
breadbox_01b.jpg,3.278696357724584
breadstick_01b.jpg,3.0846753537523752
breakfast_01b.jpg,2.77883524288882
breathalyzer_01b.jpg,3.305990558794952
brick_01b.jpg,3.2745136072446366
briefcase_01b.jpg,3.2321489076472187
broccoli_01b.jpg,3.0436033653353323
brooch_01b.jpg,3.401076191512185
broom_01b.jpg,3.4944402916746364
brownie_01b.jpg,3.1106845086604626
brush_01s.jpg,3.5695454277071477
brussels_sprouts_01b.jpg,3.1311687903227923
bubble_01b.jpg,3.2463455024428973
bubble_wrap_01b.jpg,3.5666755022497103
bucket_01b.jpg,3.4410344856927755
buckle_01b.jpg,3.107079604455068
buffet_01b.jpg,3.1423823963373163
bug_01b.jpg,2.9703764905778023
buggy_01s.jpg,3.2644153054484133
bull_01b.jpg,2.563726463713531
bulldozer_01b.jpg,3.3280662292706826
bullet_01s.jpg,3.2838093116567135
bulletin_board_01b.jpg,3.328300222690109
bulletproof_vest_01s.jpg,3.2566845074426314
bumper_01b.jpg,2.9066722180875186
bun_01b.jpg,2.969479728776067
bungee_01b.jpg,3.476449966157622
bunkbed_01b.jpg,3.401180362921881
buoy_01b.jpg,3.6319644713949866
burner_01b.jpg,3.077732137496552
burrito_01b.jpg,3.1689442077710672
bus_01b.jpg,2.924120314181552
bush_01s.jpg,3.358876649848627
butter_01b.jpg,3.162399927199381
butterfly_01b.jpg,3.122920962261552
button1_01b.jpg,3.4158395292829633
button2_01b.jpg,3.3534067859061873
cabbage_01b.jpg,2.9712224682416104
cabinet_01s.jpg,3.2492771787099186
cable_01b.jpg,3.6754541866517156
cactus_01b.jpg,3.2282506151036423
cage_01b.jpg,3.461407794975887
cake_01b.jpg,3.01161798255005
cake_mix_01b.jpg,3.214677249155764
calamari_01b.jpg,2.789967558451108
calculator_01b.jpg,3.1408987201238934
calf1_01b.jpg,2.4121026785311837
calf2_01b.jpg,3.0622724305604883
calzone_01s.jpg,2.9858471410950913
camcorder_01b.jpg,2.9683838365327726
camel_01b.jpg,2.234850057928757
camera1_01b.jpg,3.0800700965857932
camera2_01b.jpg,3.2131435280861345
camera_lens_01b.jpg,3.203679210695216
camper_01b.jpg,2.921521033541271
can_01s.jpg,3.1546781916886797
can_opener_01b.jpg,2.7955470208231277
candelabra_01b.jpg,3.3700299282746498
candle_01b.jpg,3.49300630798719
candlestick_01b.jpg,3.4022212079082
candy_01b.jpg,3.018801258645369
candy_bar_01b.jpg,3.1605896640642044
candy_cane_01b.jpg,3.2193690625917273
cane_01s.jpg,3.3826079631571013
canister_01b.jpg,3.005623394824074
cannon_01b.jpg,3.019707314563716
cannonball_01b.jpg,3.4967082221740764
canoe_01b.jpg,2.9171810216348053
cantaloupe_01b.jpg,3.0611207925074027
canvas_01b.jpg,3.4399966990717585
cap_01b.jpg,3.4938582231315767
cape_01b.jpg,3.420594149438333
car_01b.jpg,2.7920668638300614
car_door_01b.jpg,2.9090193271036404
car_seat_01b.jpg,3.0645821619977065
caramel_01b.jpg,3.405453298611887
card_01b.jpg,3.401165048134831
cardboard_01b.jpg,3.5020283369224225
cardigan_01b.jpg,3.207849100465758
cardinal_01b.jpg,2.5235783106452527
carousel_01b.jpg,3.5686826142361197
carriage_01b.jpg,3.2447359297267164
carrot_01b.jpg,3.086794196752437
cart_01b.jpg,3.3683901655024404
cash_machine_01b.jpg,2.7087741281061724
cash_register_01b.jpg,3.236794773456747
cashew_01b.jpg,3.0060763550164893
casserole_01b.jpg,2.9335852089302334
cassette_01b.jpg,3.288745807726349
cat_01b.jpg,2.401862210273399
catapult_01b.jpg,3.0032667771496024
caterpillar_01b.jpg,3.1720301264233166
catfish_01b.jpg,3.0105104315879854
cauliflower_01b.jpg,3.2883522801334375
caviar_01b.jpg,3.313568293759621
cd_player_01b.jpg,3.1444606387245675
celery_01b.jpg,3.0235809217594336
cello_01s.jpg,3.578752865720087
cellphone_01b.jpg,3.052911467621069
cement_mixer_01b.jpg,3.15773169218977
centerpiece_01b.jpg,3.163012492362042
centrifuge_01b.jpg,3.0616127978615597
cereal_01b.jpg,2.9007841121176114
chain_01b.jpg,3.180011141640946
chainsaw_01b.jpg,3.237810133988955
chair_01b.jpg,3.2996065280296203
chalice_01s.jpg,3.2877589006837464
chalk_01b.jpg,3.2983855099295214
chalkboard_01b.jpg,3.398200430201621
champagne_01b.jpg,2.860664139858936
chandelier_01b.jpg,3.3883546329383423
chaps_01s.jpg,3.290087316537001
charcoal_01b.jpg,3.265193285575137
charger_01b.jpg,3.4014655233970243
chariot_01b.jpg,3.287172405500037
checkbook_01b.jpg,3.4324936909319517
checkers_01b.jpg,3.4999454093468216
cheese_01b.jpg,3.08316134672555
cheeseburger_01b.jpg,2.8221977150932958
cheesecake_01s.jpg,2.9337729360375717
cheetah_01b.jpg,2.2831591721342352
cherry_01b.jpg,3.3186401999422652
chess_piece_01b.jpg,3.503610687190758
chessboard_01s.jpg,3.4314784396800313
chest1_01b.jpg,3.080389577390358
chest2_01b.jpg,3.2982351952123965
chick_01b.jpg,2.671422113255224
chicken1_01b.jpg,3.3173002555240516
chicken2_01b.jpg,2.919780105637499
chicken_wire_01b.jpg,3.5916570560658627
chickpea_01b.jpg,3.198738716130444
chihuahua_01b.jpg,2.8464097951995666
chili_01b.jpg,2.9502294306677537
chime_01b.jpg,3.488648326105732
chimney_01b.jpg,3.2359600149397174
chin_01b.jpg,3.2900907363062033
chinaware_01b.jpg,3.319932816933265
chinchilla_01b.jpg,2.6117200231248803
chip_01b.jpg,3.4213510476078
chipmunk_01b.jpg,2.2631553540277585
chips_01b.jpg,2.7982407799168643
chisel_01b.jpg,3.267028378070957
chive_01b.jpg,2.9900386544401605
chocolate_01b.jpg,2.840065792970715
chopsticks_01s.jpg,3.540429963230186
christmas_card_01b.jpg,3.363788326781837
christmas_tree_01b.jpg,3.6400664960096245
chute_01b.jpg,3.372258872127114
cigar_01b.jpg,3.4091189395069934
cigarette_01b.jpg,3.5326272587151024
cigarette_butt_01b.jpg,3.466255771765875
cigarette_holder_01b.jpg,3.3298054569623385
cilantro_01b.jpg,3.107213328447657
cinnamon_01b.jpg,3.369378641333541
clam_01b.jpg,3.2263959342292887
clarinet_01b.jpg,3.4675292040380716
clasp_01b.jpg,3.1585987142832814
clay_01b.jpg,3.644395887420074
cleat_01b.jpg,3.5226094867550977
cleaver_01b.jpg,3.307386127203157
clipboard_01b.jpg,3.5311812621245053
clipper1_01s.jpg,3.5178858307423204
clipper2_01b.jpg,3.18221769946715
cloak_01s.jpg,3.1504396355544833
clock_01b.jpg,3.2063907535953886
closet_01b.jpg,3.388776281603529
clothes_01b.jpg,3.366920734007179
clothesline_01b.jpg,3.5416514081599115
clothespin_01b.jpg,3.3520863340084652
cloud_01b.jpg,3.4651996790556594
clove_01b.jpg,3.038152632934567
clover_01b.jpg,3.2324053015648833
coal_01s.jpg,3.2421456045612023
coaster_01b.jpg,3.396866859274572
coat_01b.jpg,3.08541579109802
coat_rack_01b.jpg,3.2309819522868413
cobra_01b.jpg,2.1954784752008436
cockatoo_01b.jpg,2.985382948260257
cockroach_01b.jpg,3.0121654879203095
cocktail_01b.jpg,3.0887236234608877
coconut_01b.jpg,3.386570523765832
cocoon_01b.jpg,3.396385794730082
coffee_01b.jpg,2.6146077623169983
coffee_bean_01b.jpg,3.1509767208671273
coffee_filter_01b.jpg,3.5271979209094466
coffee_pot_01s.jpg,3.062962030967631
coffee_table_01b.jpg,3.1758965790888825
coffeemaker_01b.jpg,3.0165735706741845
coffin_01b.jpg,3.4278355027136644
coil_01s.jpg,3.2147080317595216
coin_01b.jpg,3.350335420780739
coleslaw_01b.jpg,2.968812629483121
collar_01b.jpg,3.3020245982598375
column_01b.jpg,3.4708271645333344
comb_01b.jpg,3.5763002093306144
combination_lock_01b.jpg,3.0345880556077804
comic_book_01b.jpg,3.291496797909039
compass_01b.jpg,3.2700858261288577
compost_01b.jpg,3.114268836419103
computer_01b.jpg,3.136235025628944
computer_screen_01b.jpg,3.124084683419888
confetti_01b.jpg,3.4286177531646675
contact_lens_01s.jpg,3.6061368619620806
container_01b.jpg,3.4737543164845914
cooker_01b.jpg,3.1889690698411113
cookie_01b.jpg,2.847643332996516
cookie_cutter_01b.jpg,3.3740627607931546
cookie_sheet_01b.jpg,3.3679406643546663
cooler_01b.jpg,3.330010106764845
coop_01b.jpg,3.2516298959238052
copier_01s.jpg,3.04859872072827
coral_01b.jpg,3.2753096545763474
cord_01b.jpg,3.4547170818704216
cordon_bleu_01b.jpg,2.670920017753805
cork_01b.jpg,3.6649540935149147
corkboard_01s.jpg,3.422831026310116
corkscrew_01b.jpg,3.2994119119292207
corn_01s.jpg,2.8875753777273685
cornbread_01b.jpg,2.8090110474725964
cornhusk_01b.jpg,3.664507575922986
cornmeal_01b.jpg,3.2306383237613723
cornucopia_01b.jpg,3.119440370408674
corsage_01b.jpg,3.535917489426327
corset_01b.jpg,3.3768543889465916
costume_01b.jpg,3.455848706694686
cot_01b.jpg,3.21528784538987
cotton_candy_01b.jpg,3.409106905729029
couch_01b.jpg,3.535356372519558
cougar_01b.jpg,2.5837818326861526
counter_01b.jpg,3.352501085212135
coverall_01b.jpg,3.1415167834166917
cow_01b.jpg,2.902074764556462
coyote_01b.jpg,2.220148527173702
crab_01b.jpg,2.910765729375827
cracker_01b.jpg,3.266999582566696
cranberry_01b.jpg,3.058300211033722
crane_01b.jpg,3.1866308347474384
crank_01b.jpg,2.791571616092233
crate_01b.jpg,3.3726097862465627
crayfish_01b.jpg,3.105014906585849
crayon_01b.jpg,3.3970090522519403
cream_01b.jpg,3.5598994242009887
cream_cheese_01b.jpg,3.3251200923288606
credit_card_01b.jpg,3.4660038321532856
creme_brulee_01b.jpg,2.9233348605699474
crepe_01b.jpg,2.860568010439822
crib_01b.jpg,3.3225755654733233
croissant_01b.jpg,3.0587494106993223
cross_01b.jpg,3.4376184675569563
crossbow_01s.jpg,3.278994012659644
crouton_01b.jpg,3.107543291254667
crow_01b.jpg,2.7379283527650897
crowbar_01b.jpg,3.2322806832028195
crown_01b.jpg,3.146380186285669
crucifix_01b.jpg,3.1051521437017553
cruise_ship_01b.jpg,3.166334735682389
crumb_01b.jpg,3.4678789119240814
crutch_01b.jpg,3.392223530030165
crystal1_01b.jpg,3.572057919695099
crystal2_01b.jpg,3.697013659386832
crystal_ball_01b.jpg,3.451077122692224
cuckoo_clock_01b.jpg,3.3180602201169407
cucumber_01b.jpg,3.1179188526878208
cufflink_01b.jpg,3.27775570998909
cummerbund_01b.jpg,3.0791599513793475
cup_01s.jpg,3.0551369695562993
cupcake_01b.jpg,3.082287708328278
curb_01b.jpg,3.143385393510397
curling_iron_01b.jpg,3.3347568358704716
curry_01b.jpg,2.697146111062692
curtain_01b.jpg,3.5029486343321685
cushion_01b.jpg,3.4476446127043663
cutting_board_01b.jpg,3.25907081512868
cymbal_01b.jpg,3.2400418964887234
dagger_01b.jpg,3.2032834101334604
daisy_01b.jpg,3.3316236747102224
dalmatian_01b.jpg,2.804576417829564
dandelion_01s.jpg,3.2634903315736388
dart_01b.jpg,3.5914890049537402
dartboard_01b.jpg,3.3592228559813404
dashboard_01b.jpg,3.0870000064077208
deer_01b.jpg,2.0484381881441895
defibrillator_01b.jpg,3.0637504455116957
denture_01b.jpg,3.475263224071998
deodorant_01b.jpg,3.66462364028646
desk_01b.jpg,3.2259809130304036
dessert_01b.jpg,2.771509221908197
detonator_01s.jpg,3.2319711883015034
dial_01b.jpg,3.3043711865380425
diamond_01b.jpg,3.415252723369579
diaper_01b.jpg,3.6416029333376114
dice_01s.jpg,3.435592217155669
dip_01b.jpg,3.054582230547193
dirt_bike_01b.jpg,3.167340664006616
dish_01b.jpg,3.2854918541714935
dishrag_01b.jpg,3.412190704594856
dishwasher_01b.jpg,2.9535673501313813
dishwashing_liquid_01b.jpg,3.2497883405091748
diskette_01b.jpg,3.2852816308478956
diving_board_01b.jpg,3.536839816267701
dog_01b.jpg,2.8627424326434423
dogfood_01b.jpg,3.1083389448137257
doghouse_01b.jpg,3.213800901026523
doily_01b.jpg,3.561566573462083
doll_01b.jpg,3.360635661558367
dollhouse_01b.jpg,3.3649519604454166
dolly_01s.jpg,3.1961699366439467
dolphin_01b.jpg,3.0047527334852444
domino_01b.jpg,3.347792679766411
donkey_01b.jpg,2.3878691874638935
donut_01b.jpg,2.8272702507542253
door_01b.jpg,3.084617088162722
doorbell_01b.jpg,3.0727483109035623
doorhandle_01b.jpg,2.9514083566235874
doorknob_01b.jpg,3.057904709757467
doorknocker_01b.jpg,3.239967412099608
doormat_01b.jpg,3.493802537563788
doorstop_01b.jpg,3.367163196400067
dough_01b.jpg,3.199991565000704
dragonfly_01b.jpg,3.3199596092622135
drain_01b.jpg,3.3945984136628904
drawer_01b.jpg,3.1816191035776153
dreidel_01b.jpg,3.707036504206963
dress_01b.jpg,3.255176936677772
dresser_01b.jpg,3.351386855533694
drill_01b.jpg,3.4519677090727985
drink_01b.jpg,2.760212942563741
drum_01b.jpg,3.2484761426320805
drumstick_01s.jpg,3.6017764241605246
dryer_01b.jpg,2.947057773344589
duck_01b.jpg,2.6384265182034987
duckling_01b.jpg,2.3794386756693364
duct_01b.jpg,3.2375885795053265
duct_tape_01b.jpg,3.3550434240779192
duffel_bag_01b.jpg,3.3498735105713244
dumbbell_01b.jpg,3.3620022031881227
dumbwaiter_01s.jpg,2.9174175889572593
dumpling_01b.jpg,3.0024131564528154
dumpster_01b.jpg,3.160221492867161
duster_01s.jpg,3.632831528630558
dustpan_01b.jpg,3.557822861667476
dynamite_01b.jpg,3.6003592051864297
eagle_01b.jpg,2.9842522134731135
ear_01b.jpg,3.403043801700496
earplug_01b.jpg,3.4378624682702945
earring_01b.jpg,3.397589086511679
earwig_01b.jpg,3.05061141211586
easel_01b.jpg,3.4802744529394194
easter_egg_01b.jpg,3.389451001680955
eclair_01b.jpg,3.122161865571915
eel_01b.jpg,3.1216873017742337
egg_01b.jpg,3.3129492306600854
egg_roll_01b.jpg,2.9746712060566307
eggbeater_01b.jpg,3.2052206987964875
eggnog_01b.jpg,3.1900253602561404
eggplant_01b.jpg,3.5437405917375178
eggshell_01b.jpg,3.4767318366150297
elbow_01b.jpg,3.296682824393505
electric_chair_01b.jpg,3.4797307978650536
elephant_01b.jpg,2.4335389415776962
emerald_01b.jpg,3.623786060444604
enchilada_01b.jpg,2.6102874723612755
engine_01b.jpg,2.9603163298502895
envelope_01b.jpg,3.4150712375030587
eraser_01s.jpg,3.4256956396562157
espresso_01b.jpg,2.9870392036796143
exerciser_01b.jpg,3.314663091647027
exhaust_pipe_01b.jpg,3.2815974622509345
extinguisher_01b.jpg,3.463935867011321
eye_01b.jpg,3.4764792405456895
eye_patch_01b.jpg,3.265660133043737
eyedropper_01b.jpg,3.3737815816218366
eyeliner_01s.jpg,3.4551579124952285
eyepiece_01s.jpg,3.4048732716479937
face_01b.jpg,3.0419608540987872
face_mask_01b.jpg,3.34763659276423
fan_01b.jpg,3.3693422828240913
fast_food_01b.jpg,3.1825741458138888
faucet_01b.jpg,2.9463175382266202
feather_01b.jpg,3.667902610817064
fence_01b.jpg,3.230096539130516
fencepost_01b.jpg,3.1531711253806227
fern_01b.jpg,3.070818938148815
ferret_01b.jpg,2.875664893810027
ferris_wheel_01b.jpg,3.2164515959228033
ferry_01b.jpg,3.0764185754144187
fig_01b.jpg,3.000757195155633
figurine_01b.jpg,3.5170159587184617
file1_01b.jpg,3.426579396688958
file2_01b.jpg,3.4547056755807457
filing_cabinet_01b.jpg,3.029225211688501
film_01b.jpg,3.6201333488844663
filter_01b.jpg,3.3273729526655194
finger_01b.jpg,3.574800378078493
fingerprint_01b.jpg,3.6759161562691958
fire_01b.jpg,3.446407212461704
fire_alarm_01b.jpg,3.119263169764661
fire_hydrant_01b.jpg,3.1224815437925866
fire_pit_01b.jpg,3.3576298821698654
firecracker_01b.jpg,3.589452004989759
fireplace_01b.jpg,3.377068725725693
firetruck_01b.jpg,3.039961487028176
firewood_01b.jpg,3.3621791605582865
fireworks_01b.jpg,3.4851007688846907
first-aid_kit_01b.jpg,3.73577034772891
fish_01b.jpg,3.1542071060105017
fishbowl_01b.jpg,3.2677355204214353
fishhook_01b.jpg,3.3757116398238325
fishing_pole_01b.jpg,3.1455903293388117
fishnet_stockings_01b.jpg,3.2634754105841943
flag_01b.jpg,3.5114878512249446
flagpole_01s.jpg,3.3719622043043733
flamethrower_01b.jpg,3.2647497256053737
flamingo_01b.jpg,2.9673458439654934
flan_01b.jpg,2.8563656052820665
flashbulb_01b.jpg,3.058085246228081
flashlight_01b.jpg,3.2163960654842265
flask_01b.jpg,2.9078478335737725
flatiron_01b.jpg,3.4796415023279317
flip_flop_01b.jpg,3.443067298228418
flipper_01b.jpg,3.515863022607517
float_01b.jpg,3.6059633629815893
floss_01b.jpg,3.691748262710342
flour_01b.jpg,3.455660686669247
flower_01b.jpg,3.3018703265916085
flute_01b.jpg,3.4839599399553265
fly_01b.jpg,3.0336769038080673
flypaper_01b.jpg,3.5857189708847144
flyswatter_01b.jpg,3.5638802214829948
foam_01b.jpg,3.5266883226153913
folder_01b.jpg,3.4516639374951144
fondue_01s.jpg,2.9628714266158567
food_processor_01b.jpg,3.0283775880291977
foot_01b.jpg,3.2890665438963227
football_01b.jpg,3.397053276203857
football_helmet_01b.jpg,3.587959969425055
footbath_01s.jpg,3.600472201594718
footprint_01b.jpg,3.556961172726576
footrest_01b.jpg,3.435866788261018
fork_01b.jpg,2.9339310181004405
forklift_01b.jpg,3.1585396957579963
fossil_01b.jpg,3.5351884017968995
fountain_pen_01b.jpg,3.428304880621596
fox_01b.jpg,2.3603148914521683
frame_01b.jpg,3.526578187105076
freezer_01b.jpg,3.1052002192379233
french_fries_01b.jpg,2.9872713257747407
french_horn_01s.jpg,3.381738192357206
frisbee_01b.jpg,3.6000401113882323
frog_01b.jpg,2.7111023217000776
fruit_01b.jpg,2.7789453172865213
fruitcake_01b.jpg,3.2862644618350405
fudge_01b.jpg,2.8844010439778422
fungus_01b.jpg,3.2980997102024596
funnel_01b.jpg,3.5957434696851096
fur_coat_01b.jpg,3.351871603642593
furnace_01b.jpg,3.5044704810897764
fuse_01s.jpg,3.3169017534250833
gallows_01b.jpg,3.28171598171342
game_01s.jpg,3.5408335512074984
garbage_01b.jpg,3.416460065712554
garbage_truck_01b.jpg,2.8939576627133428
gargoyle_01b.jpg,3.1482215083217087
garlic_01b.jpg,3.4543922089153964
garter_01b.jpg,3.467379058251919
gas_mask_01b.jpg,3.459633373468336
gasket_01b.jpg,3.4922123720186975
gate_01b.jpg,3.2861503827395375
gauge_01b.jpg,3.1011124064837503
gauze_01b.jpg,3.5342274096257813
gavel_01b.jpg,3.535345896593251
gazelle_01b.jpg,2.287789127774272
gear_01s.jpg,3.2889814424536326
gearshift_01b.jpg,3.333503508125629
gel_01b.jpg,3.410111144963747
gem_01s.jpg,3.5839796430821815
generator_01b.jpg,3.209482808583665
gift_01b.jpg,3.4525947368242758
ginger_01b.jpg,2.9823588417758478
gingerbread_man_01b.jpg,3.3310003751033412
giraffe_01b.jpg,2.3728510019201283
girl_01b.jpg,3.402772856096202
glass_01b.jpg,3.09393736243857
glasses_01b.jpg,3.3693033436281787
globe_01b.jpg,3.37676458151696
glove_01b.jpg,3.481960163590586
glue_01s.jpg,3.589444958479282
go-kart_01b.jpg,3.3834288747705905
goalpost_01b.jpg,3.486028559253345
goat_01b.jpg,2.267318773436187
goblet_01s.jpg,3.235986968631628
goggles_01b.jpg,3.521366637997917
gold_01b.jpg,3.413063644920162
goldfish_01b.jpg,3.1200826744195993
golf_cart_01b.jpg,3.1437009431187866
golf_club_01b.jpg,3.2414570278061556
gondola_01b.jpg,3.484044223238589
gong_01b.jpg,3.1165338337596364
goose_01b.jpg,2.7006818743090175
gopher_01b.jpg,2.6197397467686483
gorilla_01b.jpg,2.4163305826712116
gourd_01b.jpg,3.0594323628459477
graffiti_01b.jpg,2.9884634434827793
grain_01b.jpg,3.3108700740584744
gramophone_01b.jpg,3.3285290007197093
granite_01b.jpg,3.4722714000123682
granola_01b.jpg,3.3076512789412846
grape_01b.jpg,3.1622877104872584
grapefruit_01b.jpg,2.950987344215163
grapevine_01b.jpg,3.199085097651844
grass_01b.jpg,3.1585538227686834
grasshopper_01b.jpg,3.174855964597109
grate_01b.jpg,3.2900206620468873
grater_01b.jpg,3.278322813749666
gravel_01b.jpg,3.3558900392349855
gravestone_01b.jpg,3.1665816517225314
gravy_01s.jpg,3.066180398302268
green_beans_01b.jpg,3.1937207064551623
grenade_01b.jpg,3.4482890087173668
grill_01b.jpg,3.105068715836119
grille_01b.jpg,3.217922259565471
grinder_01b.jpg,3.1587400817116613
grits_01s.jpg,2.916846620011473
groundhog_01b.jpg,2.540997721447099
guacamole_01b.jpg,3.167106755442023
guardrail_01b.jpg,3.2705967215492273
guillotine_01b.jpg,3.203707229854945
guinea_pig_01b.jpg,2.810632333108396
guitar_01b.jpg,3.491656397667515
gum_01s.jpg,3.5698595898286305
gumball_01b.jpg,3.1401409796645168
gumdrop_01b.jpg,2.9836904003386526
gun_01b.jpg,3.2277975937595422
gurney_01b.jpg,3.410309790421909
gutter_01b.jpg,3.21967550590007
gyro_01b.jpg,3.0408850909065492
gyroscope_01b.jpg,3.255450321413086
hail_01b.jpg,3.266393219338394
hair_01b.jpg,3.528959472045636
hairbrush_01b.jpg,3.182993610998063
hairdryer_01b.jpg,3.5836672464609483
hairnet_01s.jpg,3.33331585657345
hairpin_01b.jpg,3.4034642340733554
hairspray_01b.jpg,3.410377181579788
ham_01b.jpg,2.990219910458293
hamburger_01s.jpg,2.778970908036863
hammer_01b.jpg,2.723937002222455
hammock_01b.jpg,3.485027605980928
hamster_01b.jpg,2.894623442495851
hand_01b.jpg,3.3918916875129943
handbrake_01b.jpg,3.3267934241589696
handcuff_01b.jpg,3.3926834122410217
handkerchief_01b.jpg,3.5312635767056526
handle_01b.jpg,3.358245305180313
handlebar_01b.jpg,3.088025405401092
handprint_01b.jpg,3.6435545582780304
hanger_01b.jpg,3.4663207190032175
hard_disk_01b.jpg,3.2002474227490456
harmonica_01b.jpg,3.037482573376595
harness_01b.jpg,3.2432029102579905
harp_01b.jpg,3.4108537452695287
hash_01b.jpg,2.913496075552084
hat_01b.jpg,3.3336678262487762
hatbox_01b.jpg,3.5732247821374727
hatchet_01b.jpg,3.2797300923250057
hawk_01b.jpg,2.7414427124083
hay_01b.jpg,3.387991266706999
headband_01b.jpg,3.404893154373596
headdress_01b.jpg,3.5696191616429163
headlamp_01b.jpg,3.3831886580739936
headlight_01b.jpg,3.2661703956371984
headphones_01b.jpg,3.2948564211136806
headrest_01b.jpg,3.195205512937888
headscarf_01b.jpg,3.436240627965354
headset_01b.jpg,3.2011013351279627
hearing_aid_01b.jpg,3.4714475451669027
hearse_01b.jpg,3.0897384484702712
heater_01b.jpg,2.8602462548838834
hedge_01b.jpg,3.2761523047130057
hedgehog_01b.jpg,2.548864219915316
helicopter_01b.jpg,3.1355743765794606
helmet_01b.jpg,3.5479117879191913
highchair_01b.jpg,3.1144035244503483
highlighter_01b.jpg,3.5696647020268455
hinge_01b.jpg,3.0801281861182472
hip_01b.jpg,3.137099086484441
hippopotamus_01b.jpg,2.6465719519427666
hobbyhorse_01b.jpg,3.3823498785668518
hockey_stick_01b.jpg,3.2268813328290413
hoe_01b.jpg,3.2420026393336125
hole_01b.jpg,3.497022431933514
holster_01s.jpg,3.5680847296373313
home_plate_01b.jpg,3.532431109761934
honey_01b.jpg,2.7521707008951735
honeycomb_01b.jpg,3.4487452951206783
honeypot_01b.jpg,3.3737295561475897
hood_01b.jpg,3.3862579264454915
hoodie_01b.jpg,3.029595465385816
hook1_01b.jpg,2.8495777243835234
hook2_01b.jpg,3.069878444390316
hookah_01b.jpg,3.1722904459974184
hopscotch_01b.jpg,3.618571908232423
horn_01b.jpg,3.065146171448583
horse_01b.jpg,2.5223248078916614
horseshoe_01b.jpg,3.0411422773551577
hose_01b.jpg,3.598021564118478
hot-air_balloon_01b.jpg,3.3539190500572604
hot-water_bottle_01s.jpg,3.6624443731449987
hot_chocolate_01b.jpg,3.005302759877852
hot_tub_01b.jpg,3.6967741832685372
hotdog_01b.jpg,3.2481159856235973
hotplate_01b.jpg,3.2644493630058053
hourglass_01b.jpg,3.2264549005308076
hovercraft_01b.jpg,3.1713188834569457
hubcap_01b.jpg,3.1942556954296606
hula_hoop_01b.jpg,3.4660130362592025
hummingbird_01b.jpg,3.0510264036522967
hummus_01b.jpg,2.9848553336422547
humvee_01b.jpg,2.5972413866848765
hydrant_01s.jpg,2.943232725345432
hyena_01b.jpg,2.3558360257808144
ice-cream_cone_01b.jpg,3.565035972001708
ice_01b.jpg,3.305567669218436
ice_cream_01b.jpg,2.6740211739007016
ice_cube_01b.jpg,3.630865001094631
ice_pack_01b.jpg,3.424154245531699
icemaker_01b.jpg,3.2981585227722983
icepick_01b.jpg,3.5055763191547222
iceskate_01b.jpg,3.4781351015699213
icicle_01b.jpg,3.477309898695015
iguana_01b.jpg,2.084356589045866
incense_01b.jpg,3.680606999328692
incubator_01b.jpg,3.58746815986078
inhaler_01b.jpg,3.54797612389503
ink_01b.jpg,3.468362688630058
inkwell_01b.jpg,3.2386696108498056
insole_01b.jpg,3.5627758528565194
iron_01b.jpg,3.177114439415158
ironing_board_01b.jpg,3.358981267466827
ivy_01b.jpg,3.0842598440931908
jack_01b.jpg,3.3130156548419087
jacket_01b.jpg,3.141608597209854
jackhammer_01b.jpg,3.442995295633736
jalapeno_01b.jpg,2.9862309986396918
jam_01b.jpg,3.008953717074668
jar_01s.jpg,3.2347323142016307
javelin_01s.jpg,3.3274798794149127
jeans_01s.jpg,3.307178158223478
jeep_01b.jpg,2.6741770620866587
jelly_bean_01b.jpg,3.0547852678490828
jellyfish_01b.jpg,3.2667072048266554
jersey_01b.jpg,3.3761788119872818
jet_01b.jpg,3.3585136519531495
jetski_01b.jpg,3.421217087683081
jewel_01b.jpg,3.584901371709707
jewelry_01b.jpg,3.331853945556517
jigsaw_puzzle_01b.jpg,3.604995916623868
joystick_01b.jpg,3.196721496882623
jug_01b.jpg,3.4709149107859814
juice_01b.jpg,2.7949340317887414
juicer1_01s.jpg,3.2403399140190015
juicer2_01b.jpg,3.031063734531529
jukebox_02s.jpg,3.462922565904073
jump_rope_01b.jpg,3.433575776249637
jumpsuit_01b.jpg,3.1767822249059248
kale_01b.jpg,3.043433603312739
kaleidoscope_01b.jpg,3.361158232557647
kangaroo_01b.jpg,2.123768118384427
kayak_01b.jpg,3.098163098091559
kazoo_01s.jpg,3.51363923479944
kebab_01b.jpg,2.8826611531788604
keg_01b.jpg,3.150733790389564
ketchup_01b.jpg,3.1991606346304318
kettle_01b.jpg,2.967482595751777
key_01b.jpg,3.0081287458279915
keyboard_01s.jpg,3.467820610141345
keyhole_01b.jpg,3.201966418648496
kilt_01b.jpg,3.1492800782714983
kimono_01b.jpg,3.4528290771439085
kite_01b.jpg,3.587231726670371
kitten_01b.jpg,2.6385338155054305
kiwi_01b.jpg,3.0731432294205336
knee_01b.jpg,3.26409104916726
kneepad_01b.jpg,3.2500945527406153
knife_01b.jpg,2.87587042393804
knitting_01b.jpg,3.410019737092616
knitting_needle_01b.jpg,3.519262044455252
knob_01b.jpg,3.401914888543861
knot_01b.jpg,3.646498924279252
koala_01b.jpg,2.3980442726363735
lab_coat_01b.jpg,3.3682629086812583
ladder_01b.jpg,3.4393687103598234
ladle_01b.jpg,3.2488566011244195
ladybug_01b.jpg,3.097557903221043
lamb_01b.jpg,2.54250998840777
lamb_chop_01b.jpg,2.777100610903415
lamp_01b.jpg,3.4879190067201393
lamppost_01b.jpg,3.3375611225091952
lampshade_01b.jpg,3.5073101296966818
landmine_01b.jpg,3.3207342537566733
lantern_01b.jpg,3.1895795601325294
lanyard_01b.jpg,3.3228879842556958
laptop_01b.jpg,2.904602326207526
lasagna_01b.jpg,2.6812617979576503
laser_pointer_01b.jpg,3.4325218798140313
latch_01s.jpg,3.137063340956061
latte_01b.jpg,3.173887106085647
laundry_basket_01b.jpg,3.4817553330041555
lava_01b.jpg,3.332100447557745
lavender_01b.jpg,3.271196456140171
lawnmower_01b.jpg,3.4518758947149766
leaf_01b.jpg,3.2789678400334124
leash_01b.jpg,3.4307643754814356
lectern_01b.jpg,3.454105491501035
leech_01b.jpg,3.6052978917391916
leek_01b.jpg,3.2410916531687834
leg_01b.jpg,3.308333869179657
leggings_01b.jpg,3.1838668638296284
lego_01b.jpg,3.4223483687154945
lemon_01b.jpg,3.1456146076604514
lemonade_01b.jpg,2.645411132198394
lens_01s.jpg,3.385446691477545
leopard_01b.jpg,1.94582006637849
leotard_01b.jpg,3.261672790952203
letter_opener_01b.jpg,3.338113555273008
lettuce_01b.jpg,3.0446221333689056
license_plate_01b.jpg,3.0943173771752144
licorice_01b.jpg,3.374888630380487
lid_01b.jpg,3.446569742831395
life_jacket_01b.jpg,3.448644513493289
lifesaver_01b.jpg,3.3563292011947334
light_switch_01b.jpg,3.2416068535387574
lightbulb_01b.jpg,3.3635654427787545
lighter_01s.jpg,3.433923397298037
lightning_bug_01s.jpg,3.647580030278465
lime_01b.jpg,3.0645751494861067
limousine_01s.jpg,3.1017818234505934
lingerie_01b.jpg,3.2074707752625815
lion_01b.jpg,2.274937993902097
lip_balm_01b.jpg,3.598463246841399
lip_gloss_01b.jpg,3.523631710103114
lipstick_01b.jpg,3.3435384091409395
lizard_01b.jpg,2.546336238729087
llama_01b.jpg,2.159868601312071
lobster_01b.jpg,3.3969047318583834
lock_01b.jpg,3.0741581943892498
locker_01b.jpg,3.348007292078607
locket_01b.jpg,3.3462270888530967
log_01b.jpg,3.0825321464828566
loincloth_01b.jpg,3.161431366198865
lollipop_01b.jpg,3.535378201773101
loom_01b.jpg,3.5235595752359474
loveseat_01b.jpg,3.4729600961493934
luggage_01b.jpg,2.9702461831147633
lumber_01b.jpg,3.3735086480766494
lunchbox_01b.jpg,3.382959340748121
macadamia_01b.jpg,2.882029853418281
macaroni_01b.jpg,3.124937414863698
machete_01b.jpg,3.0643395376030265
machine_gun_01b.jpg,3.3293909404737345
maggot_01b.jpg,3.155931763173197
magnet_01b.jpg,3.4931055299949407
magnifier_01b.jpg,3.274411309459481
magnifying_glass_01b.jpg,3.3669057741684827
mail_01b.jpg,3.393517549335209
mailbox_01b.jpg,3.2147724288457855
makeup_01b.jpg,3.521820915222832
mallet_01b.jpg,3.3386693827039573
man_01b.jpg,2.9462920250146043
manatee_01b.jpg,2.8441942490593375
mandolin_01s.jpg,3.4176957540641473
mango_01b.jpg,3.2862433377346894
manhole_01b.jpg,3.213799971961013
mannequin_01b.jpg,3.365887579784487
mantle_01s.jpg,3.293379902951633
map_01s.jpg,3.384383684562017
maple_syrup_01b.jpg,2.9754766560490578
marble_01b.jpg,3.2366220480372117
margarita_01b.jpg,2.731762841213545
marijuana_01b.jpg,2.7870759613429414
marker_01b.jpg,3.329136815178994
marmalade_01b.jpg,2.8247301562100655
marshmallow_01b.jpg,3.4272613454040615
mascara_01b.jpg,3.544578385272182
mashed_potato_01b.jpg,2.861338150747817
mask_01b.jpg,3.5621062474113216
mast_01b.jpg,3.374573691563511
mat_01b.jpg,3.5445877266686816
match_01b.jpg,3.250793392940442
matchbox_01b.jpg,3.501195245950771
mattress_01s.jpg,3.3730802256929424
measuring_cup_01b.jpg,2.9433723665240366
meat_01b.jpg,2.891461848973703
meat_grinder_01b.jpg,3.3680573387698494
meatball_01b.jpg,3.234615589138705
meatloaf_01s.jpg,3.130756095901523
medal_01b.jpg,3.2118943084561526
meerkat_01b.jpg,2.6470837496653394
megaphone_01b.jpg,3.461816800516678
melon_01b.jpg,3.2311975011651413
memory_stick_01b.jpg,3.115143376730213
metal_detector_01b.jpg,3.3747485294186994
metronome_01b.jpg,3.281578812771891
microphone_01b.jpg,3.2441492349485457
microscope_01b.jpg,3.2325436234641094
microwave_01b.jpg,2.8478113425788383
milk_01b.jpg,2.948681275583781
milkshake_01b.jpg,2.654992553287443
minivan_01b.jpg,2.806480706163694
mint_01b.jpg,3.0629276704825785
mirror_01b.jpg,3.5272275862600626
missile_01b.jpg,3.190954202671145
mistletoe_01b.jpg,3.3561970146990516
mitten_01b.jpg,3.3699315027608407
mixer_01b.jpg,2.901604036668589
moccasin_01b.jpg,3.4661439715814755
modem_01b.jpg,3.2081749294014856
mold1_01b.jpg,3.4476402407114066
mold2_01b.jpg,3.3289654739857513
mole_01b.jpg,2.544461300145454
money_01b.jpg,3.2059801410295288
mongoose_01b.jpg,2.5893927813928235
monkey_01b.jpg,2.6974496241747654
moose_01b.jpg,2.7396621859198134
mop_01b.jpg,3.4322789613287203
mosquito_01b.jpg,3.0215771442858457
mosquito_net_01b.jpg,3.3676839280068234
moss_01b.jpg,3.233491273926574
moth_01b.jpg,3.1632706224774214
motherboard_01b.jpg,3.1948687971752374
motorcycle_01b.jpg,3.0386387170806013
mouse1_01b.jpg,2.6714941914413988
mouse2_01s.jpg,3.363315702316471
mousepad_01b.jpg,3.5080912085211233
mousetrap_01b.jpg,3.4992263922167535
mousse_01b.jpg,3.0139151358964082
mouth_01b.jpg,3.5560196995180657
mouthpiece_01s.jpg,3.55826660142052
mud_01b.jpg,3.3868435656061413
muff_01b.jpg,3.373541070386015
muffin_01b.jpg,3.169064519025332
mug_01b.jpg,3.108478914677793
mulberry_01b.jpg,3.0142261582749685
mulch_01b.jpg,3.1892271596618245
mullet_01b.jpg,3.11575419226086
mushroom_01b.jpg,3.4916394691213135
music_box_01b.jpg,3.392948472073555
mussel_01b.jpg,3.1477981830882613
mustache_01b.jpg,3.154566208141283
mustard_01b.jpg,3.2015391786015313
nacho_01b.jpg,3.166505568828033
nail_01b.jpg,3.0358237093309257
nail_clippers_01b.jpg,3.2004495958071772
nail_file_01b.jpg,3.435547233074216
nail_polish_01b.jpg,3.4577778349798285
napkin_01b.jpg,3.5253238178162625
napkin_ring_01b.jpg,3.4674168742970033
navel_01b.jpg,3.3449760293655375
neck_01b.jpg,3.13080564254006
necklace_01b.jpg,3.471738669177725
needle_01s.jpg,3.438162227301586
nest_01b.jpg,3.57679753251886
net_01b.jpg,3.4956873707989473
nightshirt_01b.jpg,3.2191396075479393
nightstand_01b.jpg,3.2042587586757247
noisemaker_01b.jpg,3.488697736713965
noodle_01s.jpg,2.8769271776197534
noose_01b.jpg,3.5241763200797496
nose_01b.jpg,3.4591961944107554
notebook_01b.jpg,3.5101346035736882
notepad_01b.jpg,3.3310751763007085
nut_01b.jpg,3.016119533799083
nutcracker_01b.jpg,2.789709490922093
oar_01b.jpg,3.2342236753816316
oatmeal_01s.jpg,2.635441901811482
octopus_01b.jpg,3.0190224094688047
odometer_01b.jpg,3.071043940428364
oil_01b.jpg,3.07669544905439
oilcan_01b.jpg,3.1994921307468855
okra_01b.jpg,3.0940451272826004
olive_01b.jpg,3.1253945158018714
omelet_01b.jpg,3.2062267383708942
onion_01b.jpg,3.1225925624413913
orange_01b.jpg,3.2367603174373523
orange_rind_01b.jpg,3.251053093453136
orangutan_01b.jpg,2.679795996316225
orchid_01b.jpg,3.346218924350528
organ_01b.jpg,3.5385455476916823
origami_01b.jpg,3.547151577834111
ostrich_01b.jpg,2.712029361945049
otter_01b.jpg,2.3796922762641946
ottoman_01b.jpg,3.349151194728744
outfit_01s.jpg,3.2100578341662933
outlet_01b.jpg,3.0397675413334633
oven_01b.jpg,3.0488794332633815
overalls_01s.jpg,3.1782168092304217
owl_01b.jpg,2.831958095636976
oyster_01b.jpg,3.124865262898034
pacifier_01s.jpg,3.5123928180074846
paddle_01s.jpg,3.248208396149809
padlock_01b.jpg,2.511969993105523
paint_01b.jpg,3.4007433212438625
paintbrush_01b.jpg,3.404526450234247
painting_01b.jpg,3.5660889275115046
pajamas_01b.jpg,3.279017462617269
palette_01b.jpg,3.463659759880633
pallet_01b.jpg,3.276642648252464
palm_tree_01b.jpg,3.2248249847661703
pan_01b.jpg,3.00311991765215
pancake_01b.jpg,3.1143462039277416
panda_01b.jpg,2.3200913279803497
panther_01b.jpg,2.3959031218029243
panties_01b.jpg,3.270099774342242
pants_01b.jpg,3.233926733052087
pantsuit_01b.jpg,3.106342990081153
pantyhose_01b.jpg,3.438387048797852
papaya_01b.jpg,3.056564140559972
paper_01b.jpg,3.390007401969858
paper_bag_01b.jpg,3.6218545623629765
paper_plate_01b.jpg,3.518264832648504
paper_towel_01b.jpg,3.34815582725336
paperclip_01s.jpg,3.4949599161124736
paperweight_01b.jpg,3.2200268843104474
parachute_01b.jpg,3.4930611690583566
parfait_01b.jpg,2.560117101562791
parking_meter_01b.jpg,3.016432739432513
parrot_01b.jpg,2.948961461481187
parsley_01b.jpg,2.9643195778101865
pasta_01b.jpg,2.9220618133641154
pastry_01b.jpg,2.8152768197396245
patch_01b.jpg,3.2667478576965236
patty_01b.jpg,3.075454210137959
payphone_01b.jpg,2.9366158282422843
pea_01s.jpg,3.0594973432841552
peach_01b.jpg,3.0991634331724423
peacock_01b.jpg,3.4795977759062175
peanut_01b.jpg,3.2757355863864714
peanut_butter_01s.jpg,2.472255079505905
pear_01b.jpg,2.9500710533396846
pearl_01b.jpg,3.635230278063249
pecan_01b.jpg,2.97539212507395
pedal_01b.jpg,2.8635825140393596
pedometer_01b.jpg,3.2499069754808967
peeler_01b.jpg,3.370033137285123
peg_01b.jpg,3.3597043175600696
pelican_01b.jpg,2.6683986245099587
pen_01b.jpg,3.4379695726590356
pencil_01s.jpg,3.4746548655169884
pencil_sharpener_01b.jpg,3.155946163718094
pendulum_01b.jpg,3.5690019627117797
penguin_01b.jpg,2.6886279948526504
penholder_01b.jpg,3.688799133903806
penlight_01b.jpg,3.4503658082774145
pennant_01b.jpg,3.48921559935169
pepper1_01b.jpg,3.2377600692431074
pepper2_01b.jpg,3.0881050803921872
pepper_mill_01b.jpg,3.516869518114833
peppermint_01b.jpg,3.351680813844194
pepperoni_01b.jpg,3.0103972490599737
perfume_01b.jpg,3.220974778706291
periscope_01b.jpg,3.0695777423726964
pesto_01b.jpg,3.1169888865134205
pet_food_01b.jpg,3.0706738256590627
petal_01b.jpg,3.3860072633222753
petri_dish_01b.jpg,3.458289460776063
pheasant_01b.jpg,2.545686327962244
phone_01b.jpg,2.9210010314418526
phone_booth_01b.jpg,3.1886434090996842
photo_booth_01b.jpg,3.283032787109764
photograph_01b.jpg,3.4313721981538747
piano_01b.jpg,3.486406022587258
pickax_01b.jpg,3.1065938273554052
pickle_01b.jpg,3.2244718681308875
pie_01b.jpg,3.298218213230386
piecrust_01s.jpg,3.293097928231323
pig_01b.jpg,2.6206520511177196
pigeon_01b.jpg,2.4702387960946526
piggy_bank_01b.jpg,3.5118151080238675
piglet_01b.jpg,2.6725599287542643
pill_01b.jpg,3.5027496068180786
pillbox_01b.jpg,3.455461637707101
pillow_01b.jpg,3.427911391416749
pin_01b.jpg,3.672177237553479
pinball_01b.jpg,3.4606881114837673
pincushion_01b.jpg,3.5237512805874847
pine_needle_01b.jpg,3.210070439741803
pine_tree_01s.jpg,3.3283760762105463
pineapple_01b.jpg,2.7961391853352597
pinecone_01b.jpg,3.4617069226253956
ping-pong_table_01b.jpg,3.433408644427921
pinwheel_01b.jpg,3.5755688855815944
pipe1_01b.jpg,3.2124866255793814
pipe2_01b.jpg,3.5585425453559396
pistachio_01b.jpg,3.082530509996215
pita_01b.jpg,3.0450994767010156
pitcher_01b.jpg,3.0149648956539994
pitchfork_01b.jpg,3.339791396855122
pizza_01b.jpg,3.308091442277536
place_mat_01b.jpg,3.362242264070234
plant_01b.jpg,3.1711296831910665
plaster_cast_01b.jpg,3.1285719211418694
plastic_film_01b.jpg,3.606327384387858
plate_01b.jpg,3.40113484944694
platypus_01b.jpg,2.820054408837344
playing_card_01b.jpg,3.467176060225054
playpen_01b.jpg,3.475160607047331
pliers_01s.jpg,3.279482700188264
plug_01b.jpg,3.3664887492042936
plum_01b.jpg,3.1193535064667137
plunger_01s.jpg,3.4916789653692266
pocket_01b.jpg,3.357955854915881
pocket_watch_01b.jpg,3.376056801347681
pocketknife_01b.jpg,3.1309046985054714
pogo_stick_01s.jpg,3.271718692235017
poinsettia_01b.jpg,3.2086456109374137
poker_01s.jpg,3.506224308218994
polar_bear_01b.jpg,2.30389964337378
polaroid_01b.jpg,3.461977806795589
pole_01s.jpg,3.5892939543557065
police_car_01s.jpg,2.9283119523532326
polisher_01b.jpg,3.471012752700271
polo_shirt_01s.jpg,3.0724143024426382
polygraph_01b.jpg,3.0881837983021514
pom-pom_01b.jpg,3.5259236757053913
pomegranate_01b.jpg,3.0505810058341454
pony_01b.jpg,1.9143496620599512
poodle_01b.jpg,3.039021571926663
pool_table_01s.jpg,3.600738440968341
popcorn_01b.jpg,3.411380877280693
poppy_01b.jpg,3.316146757921604
popsicle_01b.jpg,3.312843080533414
porcupine_01b.jpg,2.6710906803169525
porthole_01b.jpg,3.4141551552622564
possum_01b.jpg,2.454720825923655
poster_01s.jpg,3.367510443192006
pot_01b.jpg,3.0392677456783947
potato_01b.jpg,3.0587234125893024
potholder_01s.jpg,3.309475595905269
pothole_01b.jpg,3.252029919101793
potpie_01b.jpg,2.95567258303717
potpourri_01b.jpg,3.3351696700583555
powder_01b.jpg,3.484125682634336
power_line_01b.jpg,3.2054653659447614
praying_mantis_01b.jpg,2.9680918994108016
pretzel_01b.jpg,3.080978681142238
printer_01s.jpg,3.0013967953046787
prism_01b.jpg,3.6287508504094435
projector_01b.jpg,3.0453559819915443
propeller_01s.jpg,3.0929490936495285
prune_01b.jpg,2.8506182680615586
puck_01b.jpg,3.404579101951664
pudding_01b.jpg,3.0221392678513084
puddle_01b.jpg,3.2580981891304495
puffin_01b.jpg,2.367611032952099
pug_01b.jpg,2.764402866068208
pulley_01b.jpg,3.379133700106226
pulpit_01b.jpg,3.266970407602651
pump_01b.jpg,2.8337092744571386
pumpkin_01b.jpg,3.360466506122992
punch1_01s.jpg,2.72336610108663
punch2_01b.jpg,3.2738796229255516
punching_bag_01b.jpg,3.413354489951417
puppet_01b.jpg,3.6229431359480433
puppy_01b.jpg,2.3769415502027913
purse_01b.jpg,3.104675818984656
quad_01b.jpg,3.1025858500327743
quesadilla_01b.jpg,3.0173629375234285
quiche_01b.jpg,2.9399420188127587
quill_01b.jpg,3.508199522953323
quilt_01b.jpg,3.5713246141442765
rabbit_01b.jpg,2.5308869190275765
raccoon_01b.jpg,2.2568878435841615
racehorse_01b.jpg,3.0699675801002773
rack1_01b.jpg,3.4403018380144665
rack2_01s.jpg,3.2833223930573503
racket_01b.jpg,3.3032112435222163
radar_01s.jpg,3.2583202743972253
radiator_01b.jpg,3.513326099982349
radio_01b.jpg,3.2689345676318875
radish_01b.jpg,3.086379807976768
raft_01b.jpg,3.2123301573724774
rag_01b.jpg,3.6922769432733684
railing_01b.jpg,3.1761282042302263
rain_gauge_01b.jpg,3.502009202167058
raincoat_01s.jpg,3.0980323988010237
raisin_01b.jpg,3.232045848216262
rake_01b.jpg,3.592913259244026
ram_01b.jpg,2.396385994129959
ramp_01b.jpg,3.2847079108000927
raspberry_01b.jpg,2.986689921044569
rat_01b.jpg,2.556461258897264
ratchet_01s.jpg,3.0912539228082045
rattle_01b.jpg,3.5726426645478915
rattlesnake_01b.jpg,2.8020801685956798
ravioli_01b.jpg,2.797069533129569
razor_01b.jpg,3.2228058878229002
razor_blade_01b.jpg,3.387966549287446
ready_meal_01b.jpg,3.310583854037077
rearview_mirror_01s.jpg,3.227964820829936
recliner_01b.jpg,3.3396099318510633
record_01b.jpg,3.1806746908548593
record_player_01b.jpg,3.316930303734428
recorder_01b.jpg,3.6054827814099877
red_carpet_01s.jpg,3.6270392207210893
reel_01b.jpg,3.4596510315304796
refrigerator_01b.jpg,2.843784941317412
reindeer_01b.jpg,2.207332820175479
remote_control_01b.jpg,3.128393266898924
retainer_01b.jpg,3.6815929506610274
revolver_01s.jpg,3.3889485970773494
revolving_door_01b.jpg,3.2892178927137814
rhinoceros_01b.jpg,2.484212653449197
rhubarb_01b.jpg,3.2448925962489534
ribbon_01b.jpg,3.55405370284563
rice_01b.jpg,3.2354214102941703
rickshaw_01b.jpg,3.244601907111306
rifle_01s.jpg,3.172250362101064
rim_01b.jpg,3.4203546847265787
ring_01b.jpg,3.2602312332375956
riser_01b.jpg,3.4984515115278096
road_sign_01b.jpg,3.1536531162093726
roadsweeper_01b.jpg,2.8309209980122243
robe_01s.jpg,3.288368105454946
robot_01b.jpg,3.489040846045763
rock_01s.jpg,3.453385708956637
rocket_01b.jpg,3.6018642821631364
rocking_chair_01b.jpg,3.2491672614698546
rocking_horse_01s.jpg,3.538433560522844
roll_01b.jpg,3.0895139450644176
roller_01b.jpg,3.2955155629593245
roller_coaster_01b.jpg,3.2568029911132155
rollerblade_01b.jpg,3.3439806728875903
rollerskate_01b.jpg,3.482863665135265
rolling_pin_01b.jpg,3.441433877413956
roof_rack_01b.jpg,3.2701391693954314
rooster_01b.jpg,2.7402747887812655
root_01b.jpg,3.2572361333197355
rope_01b.jpg,3.5746194870214283
rosary_01b.jpg,3.375004084137846
rose_01b.jpg,3.3174520020276432
roulette_wheel_01b.jpg,3.248631044881207
router_01b.jpg,3.065755310234394
rubber_band_01b.jpg,3.6620985020400503
ruby_01b.jpg,3.539179948463664
rudder_01b.jpg,3.3980868162063733
rug_01b.jpg,3.5543722319298925
ruler_01b.jpg,3.5766859840030674
rust_01b.jpg,3.4864096792952015
saddle_01s.jpg,3.438803184925683
safety_pin_01b.jpg,3.2629937397271997
saffron_01b.jpg,2.8459180250490284
sail_01b.jpg,3.2868168057204254
sailboat_01b.jpg,3.2377558019916717
salad_01b.jpg,3.051500954615445
salami_01b.jpg,3.2837499183323207
saltshaker_01b.jpg,3.1666806711790745
sand_01b.jpg,3.586148557996141
sandal_01b.jpg,3.36599400827211
sandbag_01b.jpg,3.4779940708757313
sandbox_01b.jpg,3.333778155212772
sandcastle_01b.jpg,3.3460210577420537
sandpaper_01b.jpg,3.613037113127476
sandwich_01b.jpg,3.2206229250758285
sarcophagus_01b.jpg,3.4368617621027076
sardine_01s.jpg,3.198171650934357
satellite_01b.jpg,3.2901474033269635
satellite_dish_01b.jpg,3.361233280904657
sauce_01b.jpg,2.8981173272963114
saucer_01b.jpg,3.292468572875273
sauerkraut_01b.jpg,3.340558631085671
sausage_01b.jpg,3.098499216769669
saw_01s.jpg,3.1787401378211673
sawhorse_01b.jpg,3.256328730697239
saxophone_01s.jpg,3.1744541777352646
scaffold_01s.jpg,3.124362760737544
scaffolding_01b.jpg,3.32408060121737
scale_01b.jpg,3.176491445914135
scallion_01b.jpg,3.0718171153008287
scallop_01b.jpg,2.6924289765385634
scalpel_01b.jpg,3.1915944438538975
scanner_01b.jpg,2.9290629549212763
scarecrow_01b.jpg,3.415677852137114
scarf_01s.jpg,2.9521729093653564
school_bus_01b.jpg,2.99162547075977
scissors_01s.jpg,3.0419501919347174
scone_01b.jpg,3.1034878162280073
scoop_01b.jpg,3.253789340976534
scooter_01b.jpg,3.2539964731434403
scoreboard_01b.jpg,3.497439998668759
scorpion_01b.jpg,2.95892076156039
scrabble_01b.jpg,3.3937278799076664
scrambled_egg_01b.jpg,2.9019767867813075
scraper_01b.jpg,2.8764884233556827
screen1_01b.jpg,3.2777894761720376
screen2_01b.jpg,3.6690963864686434
screw_01s.jpg,3.408958791647806
screwdriver_01s.jpg,3.5328911588198766
scuba_01b.jpg,3.3590963468826995
sea_urchin_01b.jpg,3.396796811288848
seafood_01b.jpg,2.9434671966502854
seagull_01b.jpg,2.563581344110172
seahorse_01b.jpg,3.0174838278992766
seal_01b.jpg,2.378742118279711
seaplane_01b.jpg,2.940142261160927
seatbelt_01b.jpg,3.3431124832096697
seaweed_01b.jpg,3.26353552780037
seed_01b.jpg,3.3048262532424864
seesaw_01b.jpg,3.27396157346846
seismograph_01b.jpg,3.0749022020584102
sequin_01b.jpg,3.383439344216549
sewage_01b.jpg,3.1751101599965184
sewing_kit_01b.jpg,3.257209301121433
sewing_machine_01b.jpg,2.977326647254307
shaker_01b.jpg,3.1470603199540896
shark_01b.jpg,3.1611365379858962
shaving_cream_01b.jpg,3.471968373450128
shawl_01b.jpg,3.2526183905503165
shears_01b.jpg,3.0933000045173578
sheath_01b.jpg,3.4273848307099355
sheep_01b.jpg,2.6898589733025777
sheet_01b.jpg,3.541130336650038
shelf_01b.jpg,3.255601619036263
shell1_01b.jpg,3.3535984409936375
shell2_01b.jpg,3.494074073404501
shell3_01b.jpg,3.2756182571887886
shield_01b.jpg,3.4830383645362013
ship_01b.jpg,3.0527286509221168
shirt_01s.jpg,3.1415200901310554
shoe_01s.jpg,3.376262234762102
shoe_polish_01s.jpg,3.4729580971219622
shoehorn_01b.jpg,3.038025158101777
shoelace_01b.jpg,3.5000525882987277
shopping_basket_01b.jpg,3.5493450771575983
shopping_cart_01b.jpg,3.206339315329151
shortbread_01b.jpg,2.83049653408131
shorts_01b.jpg,2.8002872429125722
shoulder_01b.jpg,3.3442339401473715
shovel_01b.jpg,3.1330065163239533
shower_01b.jpg,3.1851084577080164
shower_cap_01b.jpg,3.6396865869656394
shower_curtain_01b.jpg,3.3753135097714266
showerhead_01b.jpg,3.0605584919504425
shredder_01b.jpg,2.9790828751773617
shrimp_01b.jpg,3.1070863532752293
shuffleboard_01b.jpg,3.5502833882957883
shutter_01b.jpg,3.4311835711580128
sickle_01b.jpg,3.1536762702676016
sidecar_01b.jpg,3.0138538397522305
sifter_01b.jpg,2.821650017305354
silicone_01b.jpg,3.6967935777443564
silverware_01b.jpg,3.160344088414311
sim_card_01b.jpg,3.1226127310480525
sink_01b.jpg,3.1457746232215418
siren_01s.jpg,3.189672351509215
skateboard_01b.jpg,3.2351282008196485
skeleton_01b.jpg,3.657240775670523
skewer_01b.jpg,3.5435213274101107
ski_01b.jpg,3.1508008343416436
ski_boots_01b.jpg,3.4159855311833534
ski_lift_01b.jpg,3.1153497757382675
ski_pole_01b.jpg,3.4277307150753513
skin_01b.jpg,3.559802182882255
skirt_01b.jpg,3.327638395198135
skull_01b.jpg,3.5547069149901662
skunk_01b.jpg,2.563736077171321
sled_01b.jpg,3.487136208747538
sledgehammer_01b.jpg,3.148684511474123
sleeping_bag_01b.jpg,3.2502984578588867
slicer_01b.jpg,3.2546325701576633
slide_01b.jpg,3.5086456446884693
slime_01b.jpg,3.587016361810081
sling_01b.jpg,3.242979097923644
slingshot_01b.jpg,3.557955677651732
slipper_01b.jpg,3.18164435382829
slot_01b.jpg,3.1939215643511454
slot_machine_01b.jpg,3.286016206327564
sloth_01b.jpg,2.862533293839125
slug_01s.jpg,3.027720062774547
smoke_alarm_01b.jpg,3.5859009614788233
smoothie_01b.jpg,2.4750915046351407
snack_01b.jpg,2.8906929075100245
snail_01b.jpg,3.2002663679395256
snake_01b.jpg,3.054998808344834
snorkel_01b.jpg,3.5583310650945377
snow_01b.jpg,3.414722607421045
snowball_01b.jpg,3.4590819906465247
snowboard_01b.jpg,3.2218367152649385
snowman_01b.jpg,3.435651510541337
snowmobile_01b.jpg,3.432438426817111
snowplow_01b.jpg,3.065262205543681
snowshoe_01b.jpg,3.234437104446197
snowsuit_01b.jpg,3.2050711955056443
soap_01b.jpg,3.6779584629516866
soccer_ball_01b.jpg,3.4534549520267492
sock_01b.jpg,3.212052402398187
soda_01b.jpg,2.806003949308451
soda_fountain_01s.jpg,3.3700632953942096
sofa_bed_01b.jpg,3.1995640887862695
solar_panel_01b.jpg,3.1965984762028934
soldering_iron_01b.jpg,3.5078256799065803
sombrero_01b.jpg,3.3542400737942093
sonogram_01b.jpg,3.2815578976120503
sorbet_01b.jpg,2.78769848636321
souffle_01s.jpg,2.9193632608590177
soup_01b.jpg,2.8049584540557113
soy_sauce_01s.jpg,3.241409878599873
space_shuttle_01b.jpg,3.341931596494026
spacesuit_01b.jpg,3.514965554090866
spaghetti_01b.jpg,2.9585102898953615
spam_01b.jpg,3.3345307229190992
spareribs_01b.jpg,3.0192695721471763
spark_plug_01b.jpg,3.4266752647429173
sparkler_01b.jpg,3.6064003147632056
spatula_01b.jpg,3.253957393091051
speaker_01s.jpg,3.0530333155245652
spear_01s.jpg,3.2507449753325934
speedboat_01s.jpg,3.261717399903366
speedometer_01b.jpg,3.043371349561361
spider_01b.jpg,2.737907191978768
spider_web_01b.jpg,3.4018670250061724
spinach_01b.jpg,3.0451347998695657
splinter_01b.jpg,3.6393602447101014
sponge_01b.jpg,3.21683775466982
spool_01b.jpg,3.3830410503546706
spoon_01b.jpg,3.133493794009419
spout_01b.jpg,2.873374437413636
spring_roll_01b.jpg,3.2190397150845595
springboard_01b.jpg,3.4592335077149534
sprinkler_01b.jpg,3.3273908501249068
sprouts_01b.jpg,2.9614196910683797
spur_01b.jpg,3.149530781943582
squash_01b.jpg,2.9937864819759468
squeegee_01b.jpg,3.4275646534625177
squid_01b.jpg,3.1005279955657734
squirrel_01b.jpg,2.686866082259335
squirt_gun_01b.jpg,3.441475070950605
stained_glass_01b.jpg,3.3842665418201934
stair_01b.jpg,3.352694496713031
stake_01b.jpg,3.52846902742579
stalagmite_01b.jpg,3.4330067044372417
stamp1_01b.jpg,3.2506823755967087
stamp2_01b.jpg,3.446001555601124
staple_01b.jpg,3.4045163842546873
staple_gun_01b.jpg,3.0543765707219017
stapler_01b.jpg,3.265777561707536
star_fruit_01b.jpg,3.103362892368727
starfish_01b.jpg,3.0967982899139996
station_wagon_01b.jpg,3.086004832497147
statue_01b.jpg,3.3404112556944567
steak_01b.jpg,3.0575292981962554
steamroller_01b.jpg,2.924489256281466
steering_wheel_01b.jpg,3.0668868951817028
stem_01b.jpg,3.31452443827338
step_stool_01b.jpg,3.241335749844373
stereo_01b.jpg,3.136411567032752
stethoscope_01b.jpg,3.6066928904157236
stew_01b.jpg,2.690814210107465
stick_01b.jpg,3.2546018573758655
sticker_01b.jpg,3.1775273266063517
stiletto_01b.jpg,3.467518526254485
stilt_01b.jpg,3.227661855655938
stingray_01s.jpg,3.06849349544633
stir_fry_01s.jpg,2.8836514249160157
stirrup_01b.jpg,3.4011400325692915
stockings_01b.jpg,3.4491759414337055
stomach_01b.jpg,3.3517903764271613
stool_01b.jpg,3.5357580252245624
stopwatch_01b.jpg,3.42723588069756
stove1_01b.jpg,3.2409013730439242
stove2_01b.jpg,3.5191348002254723
straightjacket_01b.jpg,3.2979114317229095
strainer_01b.jpg,3.4009627938096543
strap_01b.jpg,3.2555377919196533
straw1_01b.jpg,3.385486150864383
straw2_01b.jpg,3.4878379974204834
strawberry_01b.jpg,3.049563029826127
streetlight_01b.jpg,3.3878187139039726
stretcher_01s.jpg,3.5214541830189288
string_cheese_01b.jpg,3.385568431991365
stroller_01b.jpg,3.315471134955233
stuffing_01b.jpg,2.9607281060381183
stump_01b.jpg,3.3475994700569727
submarine_01b.jpg,3.102818842271085
subway_01b.jpg,2.821619695220251
sugar_cube_01b.jpg,3.332521993969718
suit_01b.jpg,3.1071027762026118
suitcase_01b.jpg,3.226998833760344
sundae_01b.jpg,2.9406185857335867
sundial_01b.jpg,3.3599790543045174
sunflower_01b.jpg,3.55279350934946
sunglasses_01b.jpg,3.3469407589927807
sunroof_01b.jpg,3.2041176969103713
surfboard_01b.jpg,3.217881324869584
sushi_01b.jpg,2.8114500689987616
suspenders_01b.jpg,3.44648258446877
swab_01b.jpg,3.646987993242523
swan_01b.jpg,2.994517785714487
sweater_01b.jpg,3.278727283814891
sweatsuit_01s.jpg,3.0495579906767447
sweeper_01b.jpg,3.1703501103750087
sweet_potato_01b.jpg,3.0951539114191977
swimming_pool_01b.jpg,3.5428606015247697
swimsuit_01b.jpg,3.3116681022356964
swing_01b.jpg,3.3627936458350893
swing_set_01b.jpg,3.4087688552738284
switch_01b.jpg,3.2916501098351683
swizzle_stick_01b.jpg,3.513224245014308
sword_01b.jpg,3.375623819211809
swordfish_01b.jpg,3.0580557603897036
syringe_01b.jpg,3.5257063414003595
syrup_01s.jpg,2.8737504827845
t-shirt_01b.jpg,3.2279380928980483
tab_01b.jpg,3.12313924787709
table_01b.jpg,3.292105211262126
tablecloth_01b.jpg,3.3940510089261724
tablet_01b.jpg,3.269117886603856
tack_01b.jpg,3.1771818356019392
tackle_01b.jpg,3.3958824756781802
taco_01b.jpg,3.124581038676378
tadpole_01b.jpg,3.161499291408606
taffy_01b.jpg,3.439858811671023
tag_01b.jpg,3.1940709325611807
taillight_01b.jpg,3.2896203047711357
tamale_01b.jpg,3.2342918225875215
tambourine_01b.jpg,3.5836293929307264
tank1_01b.jpg,2.7449598600382052
tank2_01b.jpg,3.366129995314763
tape_01b.jpg,3.6800038242967283
tape_measure_01b.jpg,3.485828895213916
tape_recorder_01b.jpg,3.281214699618022
tapestry_01b.jpg,3.3290284172371787
tarantula_01b.jpg,2.86336852532923
target_01b.jpg,3.534801250603798
tarp_01b.jpg,3.3328551565500146
tattoo_01b.jpg,3.5451023024468324
taxi_01s.jpg,2.9062204837437107
tea_01b.jpg,2.6912275346350514
teabag_01b.jpg,3.2977369316009058
teacup_01b.jpg,3.119198750254032
teapot_01b.jpg,3.180318931089357
teddy_bear_01b.jpg,3.4335982746875127
tee_01b.jpg,3.5709683290288283
teepee_01b.jpg,3.206395559535018
telegraph_01s.jpg,3.234180487969279
telephone_pole_01b.jpg,3.2879200805693856
telescope_01b.jpg,3.3191815662600153
television_01b.jpg,3.0611620079855855
tennis_ball_01b.jpg,3.277209685118641
tent_01b.jpg,3.377340029947451
terrarium_01b.jpg,3.4812906375690975
test_tube_01b.jpg,3.223954039219933
thermometer_01b.jpg,3.381682575927236
thermos_01b.jpg,3.5473463837077204
thermostat_01b.jpg,2.992568830875792
thimble_01b.jpg,3.1356121476832413
thorn_01b.jpg,3.3928081376426653
thread_01b.jpg,3.481084613934582
throne_01b.jpg,3.4042527309582034
thumb_01b.jpg,3.667585607003217
thumbtack_01b.jpg,3.4596651951333097
tiara_01b.jpg,3.3908165857155494
tick_01b.jpg,3.0671328066211214
ticktacktoe_01b.jpg,3.5654430929600083
tie_01b.jpg,3.112047654630104
tiger_01b.jpg,2.5263916907197963
tile_01s.jpg,3.3752991595536797
timer_01b.jpg,3.2317937277240176
tinsel_01b.jpg,3.5891412615582183
tiramisu_01b.jpg,3.020328337179988
toad_01b.jpg,2.59645114308507
toast_01b.jpg,3.1333637945530817
toaster_01b.jpg,3.2685505773061987
toaster_oven_01b.jpg,2.8874865429854992
toe_01b.jpg,3.2621551093184356
toga_01b.jpg,3.214908667514925
toilet_01b.jpg,3.111749358543215
toilet_paper_01b.jpg,3.1309406123087027
tomato_01b.jpg,3.0050997159562387
tomato_sauce_01b.jpg,2.887562985602411
tongs_01s.jpg,3.3482615314540674
tongue_01s.jpg,3.524827199456642
tool_01b.jpg,3.1249051211577843
toolbox_01b.jpg,3.415770102513559
tooth_01b.jpg,3.434871601274497
toothbrush_01s.jpg,3.453439996639335
toothpaste_01b.jpg,3.638685883357617
toothpick_01b.jpg,3.5548562920211646
top_hat_01b.jpg,3.271128618356842
torch_01b.jpg,3.4794266141192507
torpedo_01s.jpg,3.467965075758541
torso_01s.jpg,3.100596241032932
tortellini_01b.jpg,3.2693750031139297
tortilla_01b.jpg,3.1802650299470923
tostada_01b.jpg,2.8487808111289397
totem_pole_01b.jpg,3.4932727184241914
toucan_01b.jpg,2.64847475143083
touchpad_01b.jpg,3.1647051314348156
towel_01b.jpg,3.4196806884161233
towel_rack_01b.jpg,3.1543591838109797
toy_01s.jpg,3.533595793741738
tractor_01b.jpg,3.1682748675612826
traffic_light_01b.jpg,3.3092998436609062
trailer_01b.jpg,3.2578747607944485
train_01b.jpg,2.7615934065043968
train_car_01b.jpg,2.8361908422903475
train_set_01b.jpg,3.3156830753772417
trampoline_01b.jpg,3.3600037950211217
trap_01b.jpg,3.4413703244175515
trapdoor_01b.jpg,3.1877841308860755
trashcan_01b.jpg,3.07084250191953
tray_01s.jpg,3.5463667806154415
treadmill_01b.jpg,3.399117234041621
treasure_01b.jpg,3.6226897270459224
tree_01b.jpg,3.352991079141744
tree_trunk_01b.jpg,3.3498803101608474
triangle_01b.jpg,3.3698402706603914
tricycle_01b.jpg,3.1215262959759134
trident_01b.jpg,3.236122556656267
trigger_01s.jpg,3.1525970892607034
tripod_01b.jpg,3.3193420679969257
trolley_01b.jpg,2.620943032618091
trombone_01s.jpg,3.2638062782184765
trophy_01b.jpg,3.2404317030188308
trough_01b.jpg,3.261580843688611
trowel_01s.jpg,3.411658274242046
truck_01b.jpg,2.838552563739697
trumpet_01s.jpg,3.2785567347418447
trunk_01b.jpg,3.2857443180947348
tuba_01b.jpg,3.448652769198407
tube_top_01b.jpg,3.2946590066345425
tugboat_01b.jpg,2.9924557192283263
tulip_01b.jpg,3.332153536562028
tumbleweed_01b.jpg,3.3654852785529332
tuning_fork_01b.jpg,3.211415262637556
tupperware_01b.jpg,3.4305848191350483
turban_01b.jpg,3.6000047516510727
turbine_01b.jpg,3.23373366326323
turf_01b.jpg,3.3304098731007743
turkey_01s.jpg,2.82654114888733
turnstile_01b.jpg,3.2252099562258025
turntable_01b.jpg,3.190123014257887
turtle_01b.jpg,2.500289818191059
turtleneck_01b.jpg,3.065839430736826
tuxedo_01b.jpg,3.458250711256882
tweezers_01b.jpg,3.4175506512301257
twig_01b.jpg,3.3039227455856066
typewriter_01b.jpg,3.2949245661933118
ukulele_01b.jpg,3.437440309086773
umbrella_01b.jpg,3.3081647127363687
undershirt_01s.jpg,3.1497044402150887
underwear_01b.jpg,3.297965495328318
unicycle_01b.jpg,3.2662364506214945
uniform_01b.jpg,3.469450123145705
urinal_01b.jpg,3.165900434030783
urn_01b.jpg,3.200286371070021
vacuum_01s.jpg,3.495844996046433
valve_01b.jpg,3.3815705597037606
van_01b.jpg,3.053661971638371
vase_01b.jpg,3.4029734504852223
vegetable_01b.jpg,3.2840575450481038
veil_01s.jpg,3.4647334137997863
velcro_01b.jpg,3.4825374549308803
vending_machine_01b.jpg,2.9180328967503204
vent_01b.jpg,3.54923631652172
vest_01b.jpg,3.1437131341699107
vial_01s.jpg,3.5161957876785834
videocassette_01b.jpg,3.3726302011150717
videogame_01b.jpg,3.408788896299922
viewfinder_01s.jpg,3.081359291423566
violin_01b.jpg,3.5481336434248076
vise_01b.jpg,3.1505195501715524
visor_01b.jpg,3.485504877584408
volleyball_01b.jpg,3.430317056544953
vulture_01b.jpg,2.6581047372913043
wafer_01b.jpg,2.852948439698886
waffle_01b.jpg,3.0344899531261698
waffle_iron_01b.jpg,3.179191579046893
wagon_01b.jpg,3.1054400442812353
walker1_01b.jpg,3.2934664740880675
walker2_01b.jpg,3.534613735504861
wall_01b.jpg,3.3109789277134505
wallet_01b.jpg,3.5118972476773864
wallpaper_01b.jpg,3.5840447504013766
walnut_01b.jpg,3.29094630815345
walrus_01b.jpg,2.5344201993078848
wand_01s.jpg,3.4411948271015214
warthog_01b.jpg,2.5353910247825904
washboard_01b.jpg,3.3579923283158553
washcloth_01b.jpg,3.4227487502191067
washing_machine_01b.jpg,3.0260836719531943
wasp_01b.jpg,2.9993209465386816
watch_01b.jpg,3.328503702884658
water_bottle_01b.jpg,3.24070238841624
water_cooler_01b.jpg,3.1675441337145456
water_filter_01b.jpg,2.9869067611207933
water_fountain_01b.jpg,2.8735318352067445
water_heater_01b.jpg,2.9879747870826883
watering_can_01b.jpg,3.460632017920193
watermelon_01b.jpg,2.9610598541910704
waterwheel_01b.jpg,3.3503451631759806
wax_01b.jpg,3.3351748059368522
wax_paper_01s.jpg,3.5340839267555983
weasel_01b.jpg,2.429429505842246
weather_vane_01s.jpg,3.3961847600662636
webcam_01b.jpg,2.9514520249213194
wedding_cake_01b.jpg,3.4277859946118414
wedge_01b.jpg,3.341832779851917
weed_01b.jpg,3.2260279820340716
wetsuit_01b.jpg,3.4852921764056095
whale_01b.jpg,2.8253891080281486
wheat_01b.jpg,3.360290036626573
wheel_01b.jpg,3.2519085765914792
wheelbarrow_01b.jpg,3.3243082809992153
wheelchair_01b.jpg,3.3223659347734618
whip_01b.jpg,3.5879583632794283
whipped_cream_01b.jpg,3.3203198457975183
whisk_01b.jpg,3.3788482156216064
whistle_01b.jpg,3.3504131615930985
whiteboard_01b.jpg,3.4585232657581657
whoopee_cushion_01b.jpg,3.6050053313409527
wick_01b.jpg,3.4554753913387795
wig_01s.jpg,3.5690916704189726
wind_chimes_01s.jpg,3.666190874361339
window_01b.jpg,3.272068463918258
windowsill_01b.jpg,3.467646331874541
windshield_01b.jpg,3.1173754534044082
windshield_wiper_01b.jpg,3.4943902437202103
windsock_01b.jpg,3.510706066833446
wine_01b.jpg,2.9621641745400518
wine_bottle_01b.jpg,3.294575268368364
wine_cooler_01b.jpg,3.3321542272923925
wineglass_01b.jpg,2.947234749647623
wing_01b.jpg,3.1953921024081082
wire_01s.jpg,3.633228771072534
wire_cutters_01b.jpg,3.129360634679237
wok_01b.jpg,3.1570099284447015
wolf_01b.jpg,2.579132915876389
woman_01b.jpg,3.3161664804207986
wood_01b.jpg,3.322574304716032
wooden_leg_01b.jpg,3.4182029987141007
workbench_01b.jpg,3.3730665621878515
worm_01b.jpg,3.3126592210582495
wrap_01b.jpg,2.981185535101611
wrapping_paper_01b.jpg,3.5983489236871398
wreath_01b.jpg,3.4202757084185036
wreck_01b.jpg,3.0478502794651527
wrench_01b.jpg,2.5216514267856174
wrist_01b.jpg,3.3183585913050337
xylophone_01b.jpg,3.504374947554063
yacht_01b.jpg,3.218487997257674
yak_01b.jpg,2.4108610966251307
yarn_01b.jpg,3.5352229508108652
yo-yo_01s.jpg,3.5254451835885914
yogurt_01s.jpg,3.031411784797422
yoke_01s.jpg,3.317849283119898
yolk_01b.jpg,3.3329678446004767
zebra_01b.jpg,2.42374353525005
zipper_01b.jpg,3.1851501995580067
zucchini_01b.jpg,3.1852294089006907
